_id,owner,repo
.emacs.d/jimeh/1,jimeh,.emacs.d
100-Day-Challenge/southpolesteve/5,southpolesteve,100-Day-Challenge
284-active-admin/railscasts/1,railscasts,284-active-admin
4chan-x/MayhemYDG/102,MayhemYDG,4chan-x
4chantoolbox/gentoomen/9,gentoomen,4chantoolbox
4store/garlik/52,garlik,4store
AFNetworking/AFNetworking/166,AFNetworking,AFNetworking
AMALL/NuckChorris/1,NuckChorris,AMALL
API.log.analysis/cityindex-attic/1,cityindex-attic,API.log.analysis
AcidMaps/XoomCode/13,XoomCode,AcidMaps
ActionBarSherlock/JakeWharton/173,JakeWharton,ActionBarSherlock
Addon-Tests/mozilla/293,mozilla,Addon-Tests
Addon-Tests/mozilla/294,mozilla,Addon-Tests
Aeon-Nox/BigNoid/140,BigNoid,Aeon-Nox
AeroQuad/AeroQuad/74,AeroQuad,AeroQuad
AeroQuad/AeroQuad/75,AeroQuad,AeroQuad
AllPay/FernFerret/15,FernFerret,AllPay
AndEngineMultiplayerExtension/nicolasgramlich/1,nicolasgramlich,AndEngineMultiplayerExtension
Anicat/SirAnthony/27,SirAnthony,Anicat
AnythingSlider/CSS-Tricks/250,CSS-Tricks,AnythingSlider
AppStore/drak/6,drak,AppStore
Archangel_2.4.3_Bugtracker/FeenixServerProject/55,FeenixServerProject,Archangel_2.4.3_Bugtracker
Archipel/ArchipelProject/384,ArchipelProject,Archipel
Aristo-jQuery-UI-Theme/taitems/46,taitems,Aristo-jQuery-UI-Theme
Articles/splittingred/2,splittingred,Articles
Attachment-on-the-Fly/drpentode/14,drpentode,Attachment-on-the-Fly
Aura.Marshal/auraphp/1,auraphp,Aura.Marshal
Aura.Marshal/auraphp/2,auraphp,Aura.Marshal
AuthGrabber/StanHutcheon/7,StanHutcheon,AuthGrabber
Baystation12/Baystation12/246,Baystation12,Baystation12
Baystation12/Baystation12/247,Baystation12,Baystation12
Baystation12/Baystation12/248,Baystation12,Baystation12
Baystation12/Baystation12/249,Baystation12,Baystation12
Baystation12/Baystation12/250,Baystation12,Baystation12
Baystation12/Baystation12/252,Baystation12,Baystation12
Baystation12/Baystation12/254,Baystation12,Baystation12
Baystation12/Baystation12/255,Baystation12,Baystation12
Baystation12/Baystation12/256,Baystation12,Baystation12
BlogCFC5/boyzoid/1,boyzoid,BlogCFC5
ButtonWars/bentford/1,bentford,ButtonWars
Byzantium/Byzantium/74,Byzantium,Byzantium
CAGE/unknowner/58,unknowner,CAGE
CIAPI.CS/cityindex/100,cityindex,CIAPI.CS
CIAPI.CS/cityindex/101,cityindex,CIAPI.CS
CIAPI.CS/cityindex/102,cityindex,CIAPI.CS
CIAPI.CS/cityindex/97,cityindex,CIAPI.CS
CIAPI.CS/cityindex/99,cityindex,CIAPI.CS
CRABClient/dmwm/3075,dmwm,CRABClient
CRABClient/dmwm/3076,dmwm,CRABClient
CSH-WebNews/grantovich/47,grantovich,CSH-WebNews
CWRCEditor/jchartrand/17,jchartrand,CWRCEditor
CWRCEditor/jchartrand/18,jchartrand,CWRCEditor
CakePHP-Paypal-IPN-Plugin/webtechnick/5,webtechnick,CakePHP-Paypal-IPN-Plugin
CalicoClient/uci-sdcl/31,uci-sdcl,CalicoClient
CalicoClient/uci-sdcl/33,uci-sdcl,CalicoClient
Change-By-Us/localprojects/22,localprojects,Change-By-Us
ChicagoBoss/evanmiller/54,evanmiller,ChicagoBoss
ChicagoBoss/evanmiller/55,evanmiller,ChicagoBoss
ChunkOwn/Codisimus/1,Codisimus,ChunkOwn
Cinder/cinder/123,cinder,Cinder
Cinder/cinder/124,cinder,Cinder
Cinnamon/linuxmint/124,linuxmint,Cinnamon
Cinnamon/linuxmint/125,linuxmint,Cinnamon
Cinnamon/linuxmint/126,linuxmint,Cinnamon
Citizens/CitizensDev/600,CitizensDev,Citizens
CocoaPods/CocoaPods/103,CocoaPods,CocoaPods
CodeIgniter-Ion-Auth/benedmunds/153,benedmunds,CodeIgniter-Ion-Auth
CodeIgniter/EllisLab/899,EllisLab,CodeIgniter
CodeIgniter/EllisLab/901,EllisLab,CodeIgniter
CodeIgniter/EllisLab/902,EllisLab,CodeIgniter
CodeIgniter/EllisLab/903,EllisLab,CodeIgniter
CodeIgniter/EllisLab/904,EllisLab,CodeIgniter
CodeIgniter/EllisLab/905,EllisLab,CodeIgniter
CodeIgniter/EllisLab/906,EllisLab,CodeIgniter
CodeIgniter/EllisLab/907,EllisLab,CodeIgniter
CodeIgniter/EllisLab/908,EllisLab,CodeIgniter
CodeIgniter/EllisLab/909,EllisLab,CodeIgniter
CodeIgniter/bcit-ci/901,bcit-ci,CodeIgniter
CodeIgniter/bcit-ci/902,bcit-ci,CodeIgniter
CodeIgniter/bcit-ci/903,bcit-ci,CodeIgniter
CodeIgniter/bcit-ci/904,bcit-ci,CodeIgniter
CodeIgniter/bcit-ci/906,bcit-ci,CodeIgniter
CodeIgniter/bcit-ci/908,bcit-ci,CodeIgniter
CodeMirror/marijnh/319,marijnh,CodeMirror
ColdFusion/SublimeText/4,SublimeText,ColdFusion
ColdFusion/SublimeText/5,SublimeText,ColdFusion
Commander-Genius/gerstrong/16,gerstrong,Commander-Genius
Commander-Genius/gerstrong/17,gerstrong,Commander-Genius
Commander-Genius/gerstrong/18,gerstrong,Commander-Genius
CouchPotatoServer/CouchPotato/65,CouchPotato,CouchPotatoServer
CouchPotatoServer/CouchPotato/66,CouchPotato,CouchPotatoServer
CraftBukkit/Bukkit/619,Bukkit,CraftBukkit
CraftBukkit/Bukkit/620,Bukkit,CraftBukkit
Crafty/craftyjs/172,craftyjs,Crafty
CruiseControl.NET/ccnet/43,ccnet,CruiseControl.NET
CruiseControl.NET/ccnet/44,ccnet,CruiseControl.NET
CruiseControl.NET/ccnet/45,ccnet,CruiseControl.NET
CruiseControl.NET/ccnet/47,ccnet,CruiseControl.NET
Custom-Metaboxes-and-Fields-for-WordPress/jaredatch/85,jaredatch,Custom-Metaboxes-and-Fields-for-WordPress
DAS/dmwm/3071,dmwm,DAS
DAS/dmwm/3073,dmwm,DAS
DIRAC/DIRACGrid/404,DIRACGrid,DIRAC
DIRAC/DIRACGrid/405,DIRACGrid,DIRAC
DIRAC/DIRACGrid/406,DIRACGrid,DIRAC
DTCoreText/Cocoanetics/102,Cocoanetics,DTCoreText
Dancer/PerlDancer/723,PerlDancer,Dancer
Dancer/sukria/723,sukria,Dancer
DataGristle/kenfar/13,kenfar,DataGristle
Demiurgic-JSON-RPC/dbowen/1,dbowen,Demiurgic-JSON-RPC
Diamond/BrightcoveOS/15,BrightcoveOS,Diamond
Diamond/BrightcoveOS/16,BrightcoveOS,Diamond
DiskLruCache/JakeWharton/3,JakeWharton,DiskLruCache
DoctrineBundle/doctrine/4,doctrine,DoctrineBundle
DoctrineBundle/doctrine/5,doctrine,DoctrineBundle
DoctrineFixturesBundle/doctrine/24,doctrine,DoctrineFixturesBundle
DoctrineFixturesBundle/doctrine/26,doctrine,DoctrineFixturesBundle
DoctrineMongoDBBundle/doctrine/73,doctrine,DoctrineMongoDBBundle
DownmarkerWPF/Code52/48,Code52,DownmarkerWPF
EWZSearchBundle/excelwebzone/4,excelwebzone,EWZSearchBundle
EcomDev_PHPUnit/EcomDev/16,EcomDev,EcomDev_PHPUnit
Elgg/Elgg/137,Elgg,Elgg
Elgg/Elgg/138,Elgg,Elgg
Elgg/Elgg/141,Elgg,Elgg
EntitySuppressor/Fishrock123/1,Fishrock123,EntitySuppressor
Equalizer/Eyescale/78,Eyescale,Equalizer
Equalizer/Eyescale/79,Eyescale,Equalizer
EventEmitter2/hij1nx/45,hij1nx,EventEmitter2
EventbriteSync/Groundwire/10,Groundwire,EventbriteSync
EventbriteSync/Groundwire/11,Groundwire,EventbriteSync
EventbriteSync/Groundwire/12,Groundwire,EventbriteSync
EventbriteSync/Groundwire/13,Groundwire,EventbriteSync
EventbriteSync/Groundwire/4,Groundwire,EventbriteSync
EventbriteSync/Groundwire/5,Groundwire,EventbriteSync
EventbriteSync/Groundwire/6,Groundwire,EventbriteSync
EventbriteSync/Groundwire/7,Groundwire,EventbriteSync
EventbriteSync/Groundwire/8,Groundwire,EventbriteSync
EventbriteSync/Groundwire/9,Groundwire,EventbriteSync
FBReaderJ/geometer/26,geometer,FBReaderJ
FOSCommentBundle/FriendsOfSymfony/102,FriendsOfSymfony,FOSCommentBundle
FOSUserBundle/FriendsOfSymfony/478,FriendsOfSymfony,FOSUserBundle
FOSUserBundle/FriendsOfSymfony/479,FriendsOfSymfony,FOSUserBundle
FSharpKoans/ChrisMarinos/4,ChrisMarinos,FSharpKoans
FUEL-CMS/daylightstudio/119,daylightstudio,FUEL-CMS
Facttype/escay/27,escay,Facttype
FastCraft/sprenger120/44,sprenger120,FastCraft
FastCraft/sprenger120/45,sprenger120,FastCraft
Filesys-Notify-Simple/miyagawa/6,miyagawa,Filesys-Notify-Simple
Flexible-Survival/Nuku/100,Nuku,Flexible-Survival
Frank/moredip/64,moredip,Frank
FreeRDP/FreeRDP/332,FreeRDP,FreeRDP
FreeRDP/FreeRDP/333,FreeRDP,FreeRDP
FreeRDP/FreeRDP/334,FreeRDP,FreeRDP
FreeRDP/FreeRDP/336,FreeRDP,FreeRDP
Frogsystem-2/Sweil/41,Sweil,Frogsystem-2
Fuchu/mausch/4,mausch,Fuchu
GPaste/Keruspe/23,Keruspe,GPaste
GamePlay/blackberry/13,blackberry,GamePlay
GenomicCache/lianos/3,lianos,GenomicCache
Geocoder/willdurand/54,willdurand,Geocoder
GitScripts/cmcculloh/1,cmcculloh,GitScripts
GitScripts/cmcculloh/10,cmcculloh,GitScripts
GitScripts/cmcculloh/11,cmcculloh,GitScripts
GitScripts/cmcculloh/12,cmcculloh,GitScripts
GitScripts/cmcculloh/13,cmcculloh,GitScripts
GitScripts/cmcculloh/2,cmcculloh,GitScripts
GitScripts/cmcculloh/3,cmcculloh,GitScripts
GitScripts/cmcculloh/4,cmcculloh,GitScripts
GitScripts/cmcculloh/5,cmcculloh,GitScripts
GitScripts/cmcculloh/6,cmcculloh,GitScripts
GitScripts/cmcculloh/7,cmcculloh,GitScripts
GitScripts/cmcculloh/8,cmcculloh,GitScripts
GitScripts/cmcculloh/9,cmcculloh,GitScripts
GiveCRM/GiveCampUK/81,GiveCampUK,GiveCRM
GoSublime/DisposaBoy/23,DisposaBoy,GoSublime
GoSublime/DisposaBoy/24,DisposaBoy,GoSublime
Google-Maps-for-Rails/apneadiving/137,apneadiving,Google-Maps-for-Rails
Google-Maps-for-Rails/apneadiving/138,apneadiving,Google-Maps-for-Rails
HPCC-Platform/hpcc-systems/1200,hpcc-systems,HPCC-Platform
HPCC-Platform/hpcc-systems/1203,hpcc-systems,HPCC-Platform
HPCC-Platform/hpcc-systems/1204,hpcc-systems,HPCC-Platform
HPCC-Platform/hpcc-systems/1205,hpcc-systems,HPCC-Platform
HTTPClient/interactive-matter/4,interactive-matter,HTTPClient
Image_Canvas/pear/1,pear,Image_Canvas
InstaMode/Kaikz/1,Kaikz,InstaMode
IronCount/edwardcapriolo/2,edwardcapriolo,IronCount
IvoryCKEditorBundle/egeloen/1,egeloen,IvoryCKEditorBundle
JAK/seznam/21,seznam,JAK
JabbR/davidfowl/287,davidfowl,JabbR
Java-Thread-Affinity/peter-lawrey/7,peter-lawrey,Java-Thread-Affinity
JavaScript-Load-Image/blueimp/1,blueimp,JavaScript-Load-Image
Jcrop/tapmodo/23,tapmodo,Jcrop
JukeIt/thedudeguy/72,thedudeguy,JukeIt
KIF/kif-framework/104,kif-framework,KIF
KIF/square/104,square,KIF
KendoGridBinder/rwhitmire/6,rwhitmire,KendoGridBinder
KeyRemap4MacBook/tekezo/59,tekezo,KeyRemap4MacBook
KnpTimeBundle/KnpLabs/6,KnpLabs,KnpTimeBundle
Kobo-Reader/kobolabs/7,kobolabs,Kobo-Reader
LibreCAD/LibreCAD/273,LibreCAD,LibreCAD
LibreCAD/LibreCAD/274,LibreCAD,LibreCAD
LiipHelloBundle/liip/4,liip,LiipHelloBundle
LiipImagineBundle/liip/45,liip,LiipImagineBundle
LiipThemeBundle/liip/18,liip,LiipThemeBundle
Litotex-0.8/Litotex/6,Litotex,Litotex-0.8
Litotex-0.8/Litotex/7,Litotex,Litotex-0.8
Locker/LockerProject/536,LockerProject,Locker
MPExtended/MPExtended/136,MPExtended,MPExtended
MPExtended/MPExtended/137,MPExtended,MPExtended
MPExtended/MPExtended/138,MPExtended,MPExtended
MUTicket/Portugao/10,Portugao,MUTicket
MUTicket/Portugao/7,Portugao,MUTicket
MUTicket/Portugao/8,Portugao,MUTicket
MUTicket/Portugao/9,Portugao,MUTicket
Magic-Fields-2/magic-fields-team/100,magic-fields-team,Magic-Fields-2
MailCore/mronge/7,mronge,MailCore
Mainframe/bibakis/1,bibakis,Mainframe
Margrave/tnelson/81,tnelson,Margrave
Margrave/tnelson/82,tnelson,Margrave
Margrave/tnelson/83,tnelson,Margrave
Markdown-LaTeX/justinvh/4,justinvh,Markdown-LaTeX
Midje/marick/86,marick,Midje
Milestone/quandtm/32,quandtm,Milestone
Mink/Behat/163,Behat,Mink
Mink/Behat/164,Behat,Mink
ModDamage/ModDamage/152,ModDamage,ModDamage
Model-SEED-core/ModelSEED/123,ModelSEED,Model-SEED-core
Model-SEED-core/ModelSEED/124,ModelSEED,Model-SEED-core
MongoHub-Mac/jeromelebel/21,jeromelebel,MongoHub-Mac
MonoGame/MonoGame/189,MonoGame,MonoGame
MopaBootstrapBundle/phiamo/20,phiamo,MopaBootstrapBundle
MoparClassic/Lothy/74,Lothy,MoparClassic
MoparClassic/Lothy/75,Lothy,MoparClassic
MoparClassic/Lothy/76,Lothy,MoparClassic
MoparClassic/Lothy/77,Lothy,MoparClassic
MoparClassic/Lothy/78,Lothy,MoparClassic
MoparClassic/Lothy/79,Lothy,MoparClassic
MoparClassic/Lothy/80,Lothy,MoparClassic
MovingBoxes/CSS-Tricks/59,CSS-Tricks,MovingBoxes
Movuca/rochacbruno/2,rochacbruno,Movuca
MrsWatson/teragonaudio/29,teragonaudio,MrsWatson
MrsWatson/teragonaudio/30,teragonaudio,MrsWatson
MrsWatson/teragonaudio/31,teragonaudio,MrsWatson
MrsWatson/teragonaudio/32,teragonaudio,MrsWatson
MrsWatson/teragonaudio/33,teragonaudio,MrsWatson
Multiverse-Core/Multiverse/386,Multiverse,Multiverse-Core
Multiverse-SignPortals/Multiverse/18,Multiverse,Multiverse-SignPortals
MusicTube/jason2506/1,jason2506,MusicTube
MvcSiteMapProvider/maartenba/12,maartenba,MvcSiteMapProvider
MvcSiteMapProvider/maartenba/13,maartenba,MvcSiteMapProvider
Nancy/NancyFx/469,NancyFx,Nancy
Neo4jRestNet/SepiaGroup/8,SepiaGroup,Neo4jRestNet
NetLogo/NetLogo/49,NetLogo,NetLogo
NetOffice/NetOfficeFw/40,NetOfficeFw,NetOffice
NetOffice/NetOfficeFw/41,NetOfficeFw,NetOffice
NuGetGallery/NuGet/382,NuGet,NuGetGallery
NuGetGallery/NuGet/383,NuGet,NuGetGallery
NuGetGallery/NuGet/384,NuGet,NuGetGallery
Open-VRP/mck-/6,mck-,Open-VRP
Open-Vehicle-Monitoring-System/markwj/23,markwj,Open-Vehicle-Monitoring-System
Open-Vehicle-Monitoring-System/markwj/24,markwj,Open-Vehicle-Monitoring-System
Open-Vehicle-Monitoring-System/markwj/25,markwj,Open-Vehicle-Monitoring-System
Open-Vehicle-Monitoring-System/markwj/26,markwj,Open-Vehicle-Monitoring-System
Open-Vehicle-Monitoring-System/markwj/27,markwj,Open-Vehicle-Monitoring-System
Open-Vehicle-Monitoring-System/markwj/28,markwj,Open-Vehicle-Monitoring-System
OpenELEC.tv/OpenELEC/109,OpenELEC,OpenELEC.tv
OpenMDAO-Framework/OpenMDAO/771,OpenMDAO,OpenMDAO-Framework
OpenMeta-analyst-/bwallace/148,bwallace,OpenMeta-analyst-
OpenSC/OpenSC/14,OpenSC,OpenSC
OpenSC/OpenSC/15,OpenSC,OpenSC
OscarLib/oferfrid/2,oferfrid,OscarLib
OscarLib/oferfrid/3,oferfrid,OscarLib
Osclass/osclass/108,osclass,Osclass
Osclass/osclass/109,osclass,Osclass
PHP-Token-Reflection/Andrewsville/34,Andrewsville,PHP-Token-Reflection
PHP_CodeSniffer/squizlabs/10,squizlabs,PHP_CodeSniffer
PathFinding/TheBizzle/15,TheBizzle,PathFinding
Phoenix_1.12_Bugtracker/FeenixServerProject/498,FeenixServerProject,Phoenix_1.12_Bugtracker
Phoenix_1.12_Bugtracker/FeenixServerProject/501,FeenixServerProject,Phoenix_1.12_Bugtracker
PhotoSwipe/codecomputerlove/234,codecomputerlove,PhotoSwipe
PhotoSwipe/codecomputerlove/235,codecomputerlove,PhotoSwipe
PhotoSwipe/codecomputerlove/236,codecomputerlove,PhotoSwipe
PhotoSwipe/dimsemenov/235,dimsemenov,PhotoSwipe
PhotoSwipe/dimsemenov/236,dimsemenov,PhotoSwipe
Pixen/Pixen/130,Pixen,Pixen
Plack-Middleware-Session/plack/9,plack,Plack-Middleware-Session
Plasma/H-uru/115,H-uru,Plasma
PowderToypp/FacialTurd/1,FacialTurd,PowderToypp
Printrun/kliment/153,kliment,Printrun
Printrun/kliment/154,kliment,Printrun
Printrun/kliment/155,kliment,Printrun
Printrun/kliment/156,kliment,Printrun
Project-SnowBall/giesse/1,giesse,Project-SnowBall
Project-SnowBall/giesse/2,giesse,Project-SnowBall
Propel/propelorm/253,propelorm,Propel
PuTTYTray/FauxFaux/14,FauxFaux,PuTTYTray
QuickDialog/escoz/44,escoz,QuickDialog
ROMManagerManifest/koush/356,koush,ROMManagerManifest
RedstoneChips/eisental/23,eisental,RedstoneChips
RedstoneChips/eisental/24,eisental,RedstoneChips
RemoteCP/remotecp/7,remotecp,RemoteCP
RemoteCP/remotecp/8,remotecp,RemoteCP
ReplicatorG/makerbot/256,makerbot,ReplicatorG
RescueRails/ophrescue/62,ophrescue,RescueRails
RestKit/RestKit/496,RestKit,RestKit
RestKit/RestKit/497,RestKit,RestKit
RestKit/RestKit/498,RestKit,RestKit
Ripple-UI/blackberry/264,blackberry,Ripple-UI
Ripple-UI/blackberry/265,blackberry,Ripple-UI
Ruby-SDK/monitisexchange/1,monitisexchange,Ruby-SDK
SLPickerView/thorfroelich/1,thorfroelich,SLPickerView
SMS-Message-Bubbles/kwylez/1,kwylez,SMS-Message-Bubbles
SQLicious/cassell/1,cassell,SQLicious
SQLicious/cassell/2,cassell,SQLicious
Selenium2Library/robotframework/30,robotframework,Selenium2Library
Selenium2Library/robotframework/31,robotframework,Selenium2Library
SensioGeneratorBundle/sensio/95,sensio,SensioGeneratorBundle
SensorKinect/avin2/1,avin2,SensorKinect
ServiceDroid/seanmonstar/84,seanmonstar,ServiceDroid
ShareKit/ShareKit/170,ShareKit,ShareKit
ShareKit/ShareKit/171,ShareKit,ShareKit
ShareKit/ShareKit/172,ShareKit,ShareKit
ShareKit/ShareKit/173,ShareKit,ShareKit
Sick-Beard/midgetspy/273,midgetspy,Sick-Beard
SignalR/SignalR/119,SignalR,SignalR
Simple-Comic/arauchfuss/75,arauchfuss,Simple-Comic
SimpleServer/SimpleServer/219,SimpleServer,SimpleServer
SiriProxy/plamoni/268,plamoni,SiriProxy
SkyFireEMU/ProjectSkyfire/61,ProjectSkyfire,SkyFireEMU
SkyFireEMU/ProjectSkyfire/62,ProjectSkyfire,SkyFireEMU
SkyFireEMU/ProjectSkyfire/63,ProjectSkyfire,SkyFireEMU
SkyFireEMU/ProjectSkyfire/64,ProjectSkyfire,SkyFireEMU
SkyFireEMU/ProjectSkyfire/65,ProjectSkyfire,SkyFireEMU
SkyrimRPG/Technius/2,Technius,SkyrimRPG
Slic3r/alexrj/154,alexrj,Slic3r
Slic3r/alexrj/155,alexrj,Slic3r
Slic3r/alexrj/156,alexrj,Slic3r
Slim/codeguy/218,codeguy,Slim
Smallest-Federated-Wiki/WardCunningham/81,WardCunningham,Smallest-Federated-Wiki
Socorro-Tests/mozilla/74,mozilla,Socorro-Tests
Socorro-Tests/mozilla/75,mozilla,Socorro-Tests
Socorro-Tests/mozilla/77,mozilla,Socorro-Tests
Socorro-Tests/mozilla/78,mozilla,Socorro-Tests
Socorro-Tests/mozilla/79,mozilla,Socorro-Tests
SonataDoctrineORMAdminBundle/sonata-project/32,sonata-project,SonataDoctrineORMAdminBundle
SonataDoctrinePhpcrAdminBundle/sonata-project/19,sonata-project,SonataDoctrinePhpcrAdminBundle
SonataNewsBundle/sonata-project/42,sonata-project,SonataNewsBundle
Sources/Singular/41,Singular,Sources
SpaceBukkit/SpaceDev/86,SpaceDev,SpaceBukkit
SparkleShare/hbons/516,hbons,SparkleShare
SparkleShare/hbons/517,hbons,SparkleShare
SparkleShare/hbons/518,hbons,SparkleShare
SparkleShare/wimh/27,wimh,SparkleShare
SprayFire/cspray/77,cspray,SprayFire
SprayFire/cspray/79,cspray,SprayFire
SprayFire/cspray/80,cspray,SprayFire
SprayFire/cspray/81,cspray,SprayFire
SprayFire/cspray/82,cspray,SprayFire
SprayFire/cspray/83,cspray,SprayFire
SublimeCodeIntel/Kronuz/77,Kronuz,SublimeCodeIntel
SublimeCodeIntel/Kronuz/78,Kronuz,SublimeCodeIntel
SublimeHg/SublimeText/6,SublimeText,SublimeHg
SublimeHg/SublimeText/7,SublimeText,SublimeHg
SublimeTODO/robcowie/6,robcowie,SublimeTODO
Sugar/andrewplummer/87,andrewplummer,Sugar
Sugar/andrewplummer/88,andrewplummer,Sugar
SwingOSC/Sciss/5,Sciss,SwingOSC
SwingOSC/Sciss/6,Sciss,SwingOSC
Symfony2-coding-standard/opensky/15,opensky,Symfony2-coding-standard
TeamCity.ServiceMessages/JetBrains/1,JetBrains,TeamCity.ServiceMessages
TeamPass/nilsteampassnet/1,nilsteampassnet,TeamPass
TeamPass/nilsteampassnet/2,nilsteampassnet,TeamPass
TeamPass/nilsteampassnet/3,nilsteampassnet,TeamPass
TeamPass/nilsteampassnet/4,nilsteampassnet,TeamPass
TeamPass/nilsteampassnet/5,nilsteampassnet,TeamPass
TeamPass/nilsteampassnet/6,nilsteampassnet,TeamPass
TeamPass/nilsteampassnet/7,nilsteampassnet,TeamPass
TeamPass/nilsteampassnet/8,nilsteampassnet,TeamPass
TheViewInside/Konzertheld/22,Konzertheld,TheViewInside
TheViewInside/habari-extras/22,habari-extras,TheViewInside
TheViewInside/habari-extras/23,habari-extras,TheViewInside
Theano/Theano/323,Theano,Theano
Thruk/sni/61,sni,Thruk
TimeManager/anitagraser/18,anitagraser,TimeManager
TinyWebServer/ovidiucp/3,ovidiucp,TinyWebServer
TouchDB-iOS/couchbaselabs/23,couchbaselabs,TouchDB-iOS
TrinityCore/TrinityCore/4733,TrinityCore,TrinityCore
TrinityCore/TrinityCore/4734,TrinityCore,TrinityCore
TrinityCore/TrinityCore/4735,TrinityCore,TrinityCore
TrinityCore/TrinityCore/4736,TrinityCore,TrinityCore
TrinityCore/TrinityCore/4737,TrinityCore,TrinityCore
TrinityCore/TrinityCore/4738,TrinityCore,TrinityCore
TrinityCore/TrinityCore/4739,TrinityCore,TrinityCore
TrinityCore/TrinityCore/4740,TrinityCore,TrinityCore
TrinityCore/TrinityCore/4741,TrinityCore,TrinityCore
TrinityCore/TrinityCore/4742,TrinityCore,TrinityCore
TrinityCore/TrinityCore/4744,TrinityCore,TrinityCore
TrinityCore/TrinityCore/4746,TrinityCore,TrinityCore
TrinityCore/TrinityCore/4747,TrinityCore,TrinityCore
TrinityCore/TrinityCore/4748,TrinityCore,TrinityCore
TrinityCore/TrinityCore/4749,TrinityCore,TrinityCore
TrinityCore/TrinityCore/4750,TrinityCore,TrinityCore
TrinityCore/TrinityCore/4751,TrinityCore,TrinityCore
TrinityCore/TrinityCore/4752,TrinityCore,TrinityCore
TrinityCore/TrinityCore/4754,TrinityCore,TrinityCore
TrinityCore/TrinityCore/4755,TrinityCore,TrinityCore
Twig/fabpot/588,fabpot,Twig
UI-Framework/DirectEmployers/4,DirectEmployers,UI-Framework
UIDevice-with-UniqueIdentifier-for-iOS-5/gekitz/6,gekitz,UIDevice-with-UniqueIdentifier-for-iOS-5
UglifyJS/mishoo/298,mishoo,UglifyJS
Ushahidi_Web/ushahidi/166,ushahidi,Ushahidi_Web
Vault/MilkBowl/56,MilkBowl,Vault
Vault/MilkBowl/57,MilkBowl,Vault
Vault/MilkBowl/58,MilkBowl,Vault
VespolinaProductBundle/vespolina/56,vespolina,VespolinaProductBundle
WISE-Portal/WISE-Community/20,WISE-Community,WISE-Portal
WMCore/dmwm/3072,dmwm,WMCore
WeScheme/dyoo/40,dyoo,WeScheme
WebUIResharper/kellypleahy/3,kellypleahy,WebUIResharper
WebWorks-API-Docs/blackberry-webworks/68,blackberry-webworks,WebWorks-API-Docs
WebWorks-API-Docs/blackberry/284,blackberry,WebWorks-API-Docs
WebWorks-API-Docs/blackberry/286,blackberry,WebWorks-API-Docs
WebWorks-API-Docs/blackberry/287,blackberry,WebWorks-API-Docs
WebWorks-API-Docs/blackberry/288,blackberry,WebWorks-API-Docs
WebWorks-Community-APIs/blackberry/33,blackberry,WebWorks-Community-APIs
Webduino/sirleech/13,sirleech,Webduino
Webduino/sirleech/14,sirleech,Webduino
Webduino/sirleech/16,sirleech,Webduino
WhatWeb/urbanadventurer/64,urbanadventurer,WhatWeb
WikipediaMobile/wikimedia/102,wikimedia,WikipediaMobile
Wiring/WiringProject/9,WiringProject,Wiring
WordBridge/cognidox/20,cognidox,WordBridge
WordHighlight/SublimeText/23,SublimeText,WordHighlight
YAMS/richardbenson/34,richardbenson,YAMS
ZenstruckContentBundle/kbond/6,kbond,ZenstruckContentBundle
ace/ajaxorg/608,ajaxorg,ace
ace/ajaxorg/609,ajaxorg,ace
ace/ajaxorg/610,ajaxorg,ace
ace/ajaxorg/611,ajaxorg,ace
active_merchant/activemerchant/246,activemerchant,active_merchant
active_merchant/activemerchant/247,activemerchant,active_merchant
active_scaffold/activescaffold/114,activescaffold,active_scaffold
activityinfo/akbertram/128,akbertram,activityinfo
activityinfo/akbertram/129,akbertram,activityinfo
activityinfo/akbertram/130,akbertram,activityinfo
activityinfo/akbertram/131,akbertram,activityinfo
acts-as-taggable-on/mbleigh/218,mbleigh,acts-as-taggable-on
acts_as_opengraph/rubenrails/6,rubenrails,acts_as_opengraph
addon-sdk/mozilla/322,mozilla,addon-sdk
addon-sdk/mozilla/323,mozilla,addon-sdk
addon-sdk/mozilla/324,mozilla,addon-sdk
affiliates/mozilla/78,mozilla,affiliates
aiotrade/dcaoyuan/1,dcaoyuan,aiotrade
akka/akka/205,akka,akka
akka/akka/206,akka,akka
alaveteli/mysociety/323,mysociety,alaveteli
alaveteli/mysociety/324,mysociety,alaveteli
alchemy_cms/magiclabs/138,magiclabs,alchemy_cms
aleph/ztellman/47,ztellman,aleph
alot/pazz/243,pazz,alot
alot/pazz/244,pazz,alot
alot/pazz/245,pazz,alot
alot/pazz/246,pazz,alot
alot/pazz/247,pazz,alot
ample_assets/ample/5,ample,ample_assets
ample_assets/ample/6,ample,ample_assets
ample_assets/ample/7,ample,ample_assets
analyze/frenchy64/5,frenchy64,analyze
android-actionbar/johannilsson/51,johannilsson,android-actionbar
android-bankdroid/liato/126,liato,android-bankdroid
android-calculatorpp/serso/49,serso,android-calculatorpp
android-dragarea/doffm/1,doffm,android-dragarea
android-ragefaces/dlew/92,dlew,android-ragefaces
android-sync/mozilla-services/8,mozilla-services,android-sync
androidannotations/androidannotations/43,androidannotations,androidannotations
app-siesh/mdom/1,mdom,app-siesh
appetizer-ui/audiosocket/3,audiosocket,appetizer-ui
appleseed/jupiter-jazz/119,jupiter-jazz,appleseed
appleseed/jupiter-jazz/120,jupiter-jazz,appleseed
arachni/Arachni/130,Arachni,arachni
arachni/Arachni/131,Arachni,arachni
arachni/Arachni/132,Arachni,arachni
arachni/Arachni/133,Arachni,arachni
arcanist/facebook/11,facebook,arcanist
arduino-cmake/queezythegreat/12,queezythegreat,arduino-cmake
ascii.io/sickill/5,sickill,ascii.io
ascii.io/sickill/6,sickill,ascii.io
askbot-devel/ASKBOT/46,ASKBOT,askbot-devel
asset_compress/markstory/92,markstory,asset_compress
assetgraph/One-com/45,One-com,assetgraph
assetic-bundle/symfony/56,symfony,assetic-bundle
astropy/astropy/125,astropy,astropy
atmosphere/Atmosphere/140,Atmosphere,atmosphere
atmosphere/Atmosphere/141,Atmosphere,atmosphere
attendance/gt-webdev/63,gt-webdev,attendance
attribute-cartographer/krishicks/9,krishicks,attribute-cartographer
augment.js/olivernn/9,olivernn,augment.js
autonetkit/sk2/126,sk2,autonetkit
awesome-freedesktop/terceiro/8,terceiro,awesome-freedesktop
awestruct/awestruct/62,awestruct,awestruct
azurie/hemantic/78,hemantic,azurie
bSpace/iffa/92,iffa,bSpace
backbone-boilerplate/tbranyen/16,tbranyen,backbone-boilerplate
backbone-boilerplate/tbranyen/18,tbranyen,backbone-boilerplate
backbone-boilerplate/tbranyen/19,tbranyen,backbone-boilerplate
backbone-boilerplate/tbranyen/20,tbranyen,backbone-boilerplate
backbone-bootstrap/adambair/2,adambair,backbone-bootstrap
backbone-fundamentals/addyosmani/42,addyosmani,backbone-fundamentals
backbone-fundamentals/addyosmani/43,addyosmani,backbone-fundamentals
backbone-rails/codebrew/85,codebrew,backbone-rails
backbone.memento/derickbailey/11,derickbailey,backbone.memento
backbone.validation/thedersen/11,thedersen,backbone.validation
backbone/documentcloud/850,documentcloud,backbone
backbone/documentcloud/851,documentcloud,backbone
baker/Simbul/271,Simbul,baker
baker/Simbul/272,Simbul,baker
baker/Simbul/273,Simbul,baker
baker/nin9creative/25,nin9creative,baker
bancha/squallstar/88,squallstar,bancha
bancha/squallstar/89,squallstar,bancha
bannedList-Plugin/poblish/1,poblish,bannedList-Plugin
bannedList-Plugin/poblish/2,poblish,bannedList-Plugin
bannedList-Plugin/poblish/3,poblish,bannedList-Plugin
bannedList-Plugin/poblish/4,poblish,bannedList-Plugin
basex/BaseXdb/331,BaseXdb,basex
bayaninhand/crigor/14,crigor,bayaninhand
bcbb/SciLifeLab/80,SciLifeLab,bcbb
bcbb/SciLifeLab/81,SciLifeLab,bcbb
bean/fat/51,fat,bean
beef/beefproject/596,beefproject,beef
bench/thelema/3,thelema,bench
best_in_place/bernat/78,bernat,best_in_place
big-brother-bot/thomasleveil/56,thomasleveil,big-brother-bot
bigcommerce-api-python/bigcommerce/1,bigcommerce,bigcommerce-api-python
bioformats/openmicroscopy/5,openmicroscopy,bioformats
bioformats/openmicroscopy/6,openmicroscopy,bioformats
bioformats/openmicroscopy/7,openmicroscopy,bioformats
bitcoin.org/bitcoin-dot-org/13,bitcoin-dot-org,bitcoin.org
bitcoin/bitcoin/751,bitcoin,bitcoin
bnd/bndtools/128,bndtools,bnd
bonzo/ded/64,ded,bonzo
bookshop/blueheadpublishing/25,blueheadpublishing,bookshop
bootstrap/twbs/934,twbs,bootstrap
bootstrap/twbs/935,twbs,bootstrap
bootstrap/twbs/936,twbs,bootstrap
bootstrap/twbs/937,twbs,bootstrap
bootstrap/twbs/938,twbs,bootstrap
bootstrap/twbs/939,twbs,bootstrap
bootstrap/twbs/940,twbs,bootstrap
bootstrap/twbs/941,twbs,bootstrap
bootstrap/twbs/942,twbs,bootstrap
bootstrap/twbs/943,twbs,bootstrap
bootstrap/twbs/944,twbs,bootstrap
bootstrap/twbs/945,twbs,bootstrap
bootstrap/twbs/946,twbs,bootstrap
bootstrap/twbs/947,twbs,bootstrap
bootstrap/twbs/948,twbs,bootstrap
bootstrap/twitter/936,twitter,bootstrap
bootstrap/twitter/939,twitter,bootstrap
bootstrap/twitter/940,twitter,bootstrap
bootstrap/twitter/941,twitter,bootstrap
bootstrap/twitter/943,twitter,bootstrap
bootstrap/twitter/944,twitter,bootstrap
bootstrap/twitter/946,twitter,bootstrap
bootstrap/twitter/948,twitter,bootstrap
bot-basicbot-pluggable-module-tea/adamtaylor/5,adamtaylor,bot-basicbot-pluggable-module-tea
bozo-scripts/zopaUK/12,zopaUK,bozo-scripts
brackets-app/adobe/20,adobe,brackets-app
brackets/adobe/52,adobe,brackets
brackets/adobe/53,adobe,brackets
brackets/adobe/54,adobe,brackets
brackets/adobe/55,adobe,brackets
brackets/adobe/56,adobe,brackets
brackets/adobe/57,adobe,brackets
brackets/adobe/58,adobe,brackets
browsercms/browsermedia/461,browsermedia,browsercms
browserid/mozilla/855,mozilla,browserid
buddypress-docs/boonebgorges/164,boonebgorges,buddypress-docs
buildbot/buildbot/297,buildbot,buildbot
bundler/bundler/1618,bundler,bundler
bundler/bundler/1619,bundler,bundler
bundler/carlhuda/1618,carlhuda,bundler
bundler/carlhuda/1619,carlhuda,bundler
bungle-o/abedra/1,abedra,bungle-o
bungle-o/abedra/2,abedra,bungle-o
busmaster/rbei-etas/125,rbei-etas,busmaster
c-geo-opensource/cgeo/962,cgeo,c-geo-opensource
c10t/udoprog/231,udoprog,c10t
c2cgeoportal/camptocamp/35,camptocamp,c2cgeoportal
cakephp/cakephp/398,cakephp,cakephp
campuscms-feature-events/amoore5/1,amoore5,campuscms-feature-events
cancan/ryanb/543,ryanb,cancan
cancan/ryanb/544,ryanb,cancan
cappuccino/cappuccino/1426,cappuccino,cappuccino
cappuccino/cappuccino/1427,cappuccino,cappuccino
cappuccino/cappuccino/1428,cappuccino,cappuccino
cappuccino/cappuccino/1429,cappuccino,cappuccino
capybara/jnicklas/602,jnicklas,capybara
capybara/jnicklas/603,jnicklas,capybara
carton/miyagawa/37,miyagawa,carton
cassandra-cql/kreynolds/25,kreynolds,cassandra-cql
cassandra_object/data-axle/8,data-axle,cassandra_object
cassette/andrewdavey/131,andrewdavey,cassette
cassette/andrewdavey/132,andrewdavey,cassette
cassette/andrewdavey/133,andrewdavey,cassette
cdk/cdk/15,cdk,cdk
celluloid-io/celluloid/2,celluloid,celluloid-io
centreon-syslog-frontend/centreon/13,centreon,centreon-syslog-frontend
ceylon-ide-eclipse/ceylon/144,ceylon,ceylon-ide-eclipse
cfwheels-ValidatesRulesOf/jordanclark/2,jordanclark,cfwheels-ValidatesRulesOf
cfwheels/cfwheels/30,cfwheels,cfwheels
cgeo/cgeo/962,cgeo,cgeo
cgminer/ckolivas/69,ckolivas,cgminer
chef-cookbook-zerigo/threetee/1,threetee,chef-cookbook-zerigo
chef/opscode/217,opscode,chef
chico/mercadolibre/513,mercadolibre,chico
chocolat-public/fileability/720,fileability,chocolat-public
chocolat-public/fileability/721,fileability,chocolat-public
chocolat-public/fileability/722,fileability,chocolat-public
chrome-devtools-autosave/NV/14,NV,chrome-devtools-autosave
clang_complete/Rip-Rip/115,Rip-Rip,clang_complete
classpro/Classpro/100,Classpro,classpro
clay/jckarter/169,jckarter,clay
clay/jckarter/172,jckarter,clay
clever/clever-lang/57,clever-lang,clever
cli53/barnybug/26,barnybug,cli53
clint/kennethreitz/25,kennethreitz,clint
cloud9/ajaxorg/752,ajaxorg,cloud9
cloudfoundry-samples/SpringSource/5,SpringSource,cloudfoundry-samples
cm/OpenCMISS/73,OpenCMISS,cm
cmf-sandbox/symfony-cmf/39,symfony-cmf,cmf-sandbox
cmf-sandbox/symfony-cmf/40,symfony-cmf,cmf-sandbox
cocos2d-x/cocos2d/659,cocos2d,cocos2d-x
cocos2d-x/cocos2d/660,cocos2d,cocos2d-x
code-snippets/PavelTyk/5,PavelTyk,code-snippets
codecraft-init-script/Codeprogrammers/2,Codeprogrammers,codecraft-init-script
codeigniter-restserver/philsturgeon/79,philsturgeon,codeigniter-restserver
coffee-script/jashkenas/2017,jashkenas,coffee-script
coffee-script/jashkenas/2018,jashkenas,coffee-script
coffee-script/jashkenas/2019,jashkenas,coffee-script
coffee-script/jashkenas/2020,jashkenas,coffee-script
coffee-script/jashkenas/2021,jashkenas,coffee-script
coffee-script/jashkenas/2022,jashkenas,coffee-script
coi-services/ooici/6,ooici,coi-services
collectd/octo/10,octo,collectd
collectd/octo/11,octo,collectd
colloquy/mccraigmccraig/1,mccraigmccraig,colloquy
com.woltlab.wcf.bbcode/WoltLab/18,WoltLab,com.woltlab.wcf.bbcode
com.woltlab.wcf.search/WoltLab/3,WoltLab,com.woltlab.wcf.search
common/doctrine/95,doctrine,common
common/doctrine/96,doctrine,common
community-plugins/xebialabs/2,xebialabs,community-plugins
compass-recipes/MoOx/31,MoOx,compass-recipes
compass/chriseppstein/667,chriseppstein,compass
composer/composer/193,composer,composer
composer/composer/194,composer,composer
config/typesafehub/1,typesafehub,config
configman/mozilla/19,mozilla,configman
congress-android/sunlightlabs/503,sunlightlabs,congress-android
congress-android/sunlightlabs/505,sunlightlabs,congress-android
congress-android/sunlightlabs/507,sunlightlabs,congress-android
congress-android/sunlightlabs/508,sunlightlabs,congress-android
congress-android/sunlightlabs/509,sunlightlabs,congress-android
connect-auth/ciaranj/75,ciaranj,connect-auth
connect/senchalabs/453,senchalabs,connect
connectionmanager/sciancio/11,sciancio,connectionmanager
cookbooks/opscode/300,opscode,cookbooks
cookbooks/opscode/301,opscode,cookbooks
cookbooks/opscode/302,opscode,cookbooks
cookbooks/opscode/303,opscode,cookbooks
cookbooks/opscode/304,opscode,cookbooks
coq/coq/2680,coq,coq
core/contao/3784,contao,core
core/contao/3786,contao,core
core/contao/3787,contao,core
core/fuel/767,fuel,core
core/fuel/768,fuel,core
core/jboss-switchyard/337,jboss-switchyard,core
core/kohana/199,kohana,core
cowboy/extend/125,extend,cowboy
cps/lsuits/13,lsuits,cps
cradle/cloudhead/131,cloudhead,cradle
create/bergie/30,bergie,create
create/bergie/31,bergie,create
csDoctrineActAsSortablePlugin/bshaffer/13,bshaffer,csDoctrineActAsSortablePlugin
css3-social-signin-buttons/necolas/7,necolas,css3-social-signin-buttons
csvkit/wireservice/138,wireservice,csvkit
ctct_php_library/constantcontact/2,constantcontact,ctct_php_library
ctrlp.vim/kien/67,kien,ctrlp.vim
ctrlp.vim/kien/68,kien,ctrlp.vim
ctrlp.vim/kien/69,kien,ctrlp.vim
ctrlp.vim/kien/70,kien,ctrlp.vim
cts2-specification/cts2/23,cts2,cts2-specification
cucumber-rails/cucumber/188,cucumber,cucumber-rails
cufon/sorccu/227,sorccu,cufon
curl/cujojs/46,cujojs,curl
cyrus-imapd/cyrusimap/1500,cyrusimap,cyrus-imapd
d3/d3/433,d3,d3
dalli/petergoldstein/157,petergoldstein,dalli
database_cleaner/bmabey/91,bmabey,database_cleaner
davidkaneda.com/davidkaneda/1,davidkaneda,davidkaneda.com
dbal/doctrine/89,doctrine,dbal
deck.rb/alexch/1,alexch,deck.rb
delayed_job/collectiveidea/330,collectiveidea,delayed_job
delayed_job_active_record/collectiveidea/8,collectiveidea,delayed_job_active_record
delayed_job_active_record/collectiveidea/9,collectiveidea,delayed_job_active_record
devguide/ufz/1,ufz,devguide
devise/plataformatec/1555,plataformatec,devise
devise/plataformatec/1556,plataformatec,devise
devise/plataformatec/1557,plataformatec,devise
devise/plataformatec/1558,plataformatec,devise
devstack/cloudbuilders/236,cloudbuilders,devstack
dfl/Rayerd/11,Rayerd,dfl
dfl/Rayerd/12,Rayerd,dfl
dfl/Rayerd/13,Rayerd,dfl
dgrid/SitePen/60,SitePen,dgrid
diaspora/diaspora/2600,diaspora,diaspora
diaspora/diaspora/2601,diaspora,diaspora
diaspora/diaspora/2602,diaspora,diaspora
diaspora/diaspora/2603,diaspora,diaspora
diaspora/diaspora/2604,diaspora,diaspora
diaspora/diaspora/2605,diaspora,diaspora
diaspora/diaspora/2606,diaspora,diaspora
diaspora/diaspora/2607,diaspora,diaspora
diaspora/diaspora/2608,diaspora,diaspora
diaspora/diaspora/2609,diaspora,diaspora
diaspora/diaspora/2610,diaspora,diaspora
diaspora/diaspora/2611,diaspora,diaspora
diaspora/diaspora/2612,diaspora,diaspora
diaspora/diaspora/2613,diaspora,diaspora
diaspora/diaspora/2614,diaspora,diaspora
diaspora/diaspora/2615,diaspora,diaspora
diesel/jamwt/26,jamwt,diesel
diffa/lshift/20,lshift,diffa
diffa/lshift/21,lshift,diffa
diffa/lshift/22,lshift,diffa
director/flatiron/69,flatiron,director
director/flatiron/70,flatiron,director
dirtsand/H-uru/25,H-uru,dirtsand
dispatch-google-clientlogin/n8han/4,n8han,dispatch-google-clientlogin
django-allauth/pennersr/37,pennersr,django-allauth
django-app-metrics/frankwiles/5,frankwiles,django-app-metrics
django-bitfield/disqus/11,disqus,django-bitfield
django-cms/divio/1137,divio,django-cms
django-cms/divio/1139,divio,django-cms
django-dbindexer/django-nonrel/10,django-nonrel,django-dbindexer
django-dowser/munhitsu/2,munhitsu,django-dowser
django-fusionbox/fusionbox/12,fusionbox,django-fusionbox
django-fusionbox/fusionbox/13,fusionbox,django-fusionbox
django-htmlmin/cobrateam/24,cobrateam,django-htmlmin
django-nonrel/django-nonrel/3,django-nonrel,django-nonrel
django-old/django/103,django,django-old
django-pagination/ericflo/31,ericflo,django-pagination
django-rest-framework/tomchristie/115,tomchristie,django-rest-framework
django-rest-framework/tomchristie/116,tomchristie,django-rest-framework
django-rest-framework/tomchristie/117,tomchristie,django-rest-framework
django-rest-framework/tomchristie/118,tomchristie,django-rest-framework
django-rest-framework/tomchristie/119,tomchristie,django-rest-framework
django-rest-framework/tomchristie/120,tomchristie,django-rest-framework
django-social-auth/omab/217,omab,django-social-auth
django-social-auth/omab/218,omab,django-social-auth
django-social-auth/omab/219,omab,django-social-auth
django-socialregistration/flashingpumpkin/139,flashingpumpkin,django-socialregistration
django-tastypie/django-tastypie/327,django-tastypie,django-tastypie
django-timepiece/caktus/131,caktus,django-timepiece
djangoappengine/django-nonrel/12,django-nonrel,djangoappengine
djangoappengine/django-nonrel/13,django-nonrel,djangoappengine
dns/miekg/10,miekg,dns
dns/miekg/9,miekg,dns
dnsrecon/darkoperator/1,darkoperator,dnsrecon
docco/jashkenas/78,jashkenas,docco
docsplit/documentcloud/33,documentcloud,docsplit
doctrine2/doctrine/252,doctrine,doctrine2
doit-cms/ramainen/137,ramainen,doit-cms
dokuwiki-plugin-vshare/splitbrain/8,splitbrain,dokuwiki-plugin-vshare
doorkeeper/applicake/33,applicake,doorkeeper
dotfiles/stevenweaver/1,stevenweaver,dotfiles
dotiw/radar/25,radar,dotiw
dploi-puppet/dploi/5,dploi,dploi-puppet
dreadnot/racker/15,racker,dreadnot
drupal_modules/delving/6,delving,drupal_modules
dynacase-core/Anakeen/111,Anakeen,dynacase-core
dynacase-core/Anakeen/114,Anakeen,dynacase-core
dynacase-core/Anakeen/116,Anakeen,dynacase-core
dynacase-core/Anakeen/117,Anakeen,dynacase-core
dynacase-core/Anakeen/120,Anakeen,dynacase-core
dynmap/webbukkit/548,webbukkit,dynmap
dynmap/webbukkit/549,webbukkit,dynmap
easyXDM/oyvindkinsey/146,oyvindkinsey,easyXDM
ecl-ml/emuharemagic/1,emuharemagic,ecl-ml
ecl-ml/hpcc-systems/68,hpcc-systems,ecl-ml
el-get/dimitri/500,dimitri,el-get
el-get/dimitri/501,dimitri,el-get
elasticsearch-jetty/sonian/10,sonian,elasticsearch-jetty
elasticsearch/elastic/1596,elastic,elasticsearch
elasticsearch/elastic/1597,elastic,elasticsearch
elasticsearch/elastic/1598,elastic,elasticsearch
elasticsearch/elastic/1599,elastic,elasticsearch
elefant/jbroadway/60,jbroadway,elefant
elefant/jbroadway/61,jbroadway,elefant
elements/dmitryf/11,dmitryf,elements
elephant-bird/kevinweil/115,kevinweil,elephant-bird
elixir/elixir-lang/94,elixir-lang,elixir
ella/ella/40,ella,ella
ella/ella/41,ella,ella
ember-runner/envone/2,envone,ember-runner
ember-runner/envone/4,envone,ember-runner
ember.js/emberjs/364,emberjs,ember.js
ember.js/emberjs/365,emberjs,ember.js
ember.js/emberjs/366,emberjs,ember.js
ember.js/emberjs/368,emberjs,ember.js
emesene-supported-plugins/emesene/57,emesene,emesene-supported-plugins
emesene/emesene/981,emesene,emesene
emscripten/kripken/167,kripken,emscripten
enaml/enthought/67,enthought,enaml
engine.io/LearnBoost/4,LearnBoost,engine.io
engine/locomotivecms/268,locomotivecms,engine
engineyard-serverside/engineyard/25,engineyard,engineyard-serverside
ensime/aemoncannon/215,aemoncannon,ensime
erlydtl/evanmiller/20,evanmiller,erlydtl
espresso/espressomd/16,espressomd,espresso
etherpad-lite/ether/319,ether,etherpad-lite
etherpad-lite/ether/320,ether,etherpad-lite
everyauth/bnoguchi/152,bnoguchi,everyauth
examples/OpenCMISS/35,OpenCMISS,examples
examples/OpenCMISS/36,OpenCMISS,examples
expect.js/LearnBoost/5,LearnBoost,expect.js
express-uglify/ncrohn/4,ncrohn,express-uglify
express/expressjs/955,expressjs,express
express/expressjs/956,expressjs,express
express/expressjs/957,expressjs,express
express/expressjs/958,expressjs,express
fabric.js/fabricjs/100,fabricjs,fabric.js
fabric.js/kangax/100,kangax,fabric.js
fabric/cloudant/30,cloudant,fabric
fabric/cloudant/31,cloudant,fabric
factor/slavapestov/468,slavapestov,factor
fail2ban/fail2ban/26,fail2ban,fail2ban
fancyBox/fancyapps/90,fancyapps,fancyBox
fancyBox/fancyapps/91,fancyapps,fancyBox
fb_graph/nov/169,nov,fb_graph
file-uploader/valums/238,valums,file-uploader
filter.js/jiren/2,jiren,filter.js
fixmytransport/mysociety/534,mysociety,fixmytransport
fixmytransport/mysociety/535,mysociety,fixmytransport
fixmytransport/mysociety/536,mysociety,fixmytransport
fixmytransport/mysociety/537,mysociety,fixmytransport
fixmytransport/mysociety/538,mysociety,fixmytransport
fixmytransport/mysociety/539,mysociety,fixmytransport
flexie/doctyper/33,doctyper,flexie
fluentd/fluent/31,fluent,fluentd
fluentmigrator/schambers/228,schambers,fluentmigrator
flume-cassandra-plugin/thobbs/5,thobbs,flume-cassandra-plugin
fnordmetric/paulasmuth/31,paulasmuth,fnordmetric
fog/fog/688,fog,fog
foreman/ddollar/126,ddollar,foreman
forever/nodejitsu/213,nodejitsu,forever
forkcms/forkcms/200,forkcms,forkcms
forkcms/forkcms/201,forkcms,forkcms
formhub/modilabs/57,modilabs,formhub
formhub/modilabs/58,modilabs,formhub
formhub/modilabs/59,modilabs,formhub
formhub/modilabs/60,modilabs,formhub
formhub/modilabs/61,modilabs,formhub
formhub/modilabs/62,modilabs,formhub
formhub/modilabs/63,modilabs,formhub
formhub/modilabs/65,modilabs,formhub
foundation-sites/zurb/213,zurb,foundation-sites
foundation-sites/zurb/216,zurb,foundation-sites
foursquare2/mattmueller/24,mattmueller,foursquare2
frescobaldi/wbsoft/11,wbsoft,frescobaldi
frescobaldi/wbsoft/12,wbsoft,frescobaldi
friendly_id/FriendlyId/206,FriendlyId,friendly_id
friendly_id/norman/206,norman,friendly_id
frontend/photo/431,photo,frontend
frontend/photo/432,photo,frontend
fulcrum/malclocke/81,malclocke,fulcrum
fulcrum/malclocke/82,malclocke,fulcrum
gaia/mozilla-b2g/246,mozilla-b2g,gaia
galleria/worseisbetter/234,worseisbetter,galleria
game1666/sgolodetz/36,sgolodetz,game1666
gargoyle/ericpaulbishop/42,ericpaulbishop,gargoyle
gate/owin/56,owin,gate
gatling/excilys/338,excilys,gatling
gedit-twig-template-language/gabrielcorpse/4,gabrielcorpse,gedit-twig-template-language
geekup/hasgeek/5,hasgeek,geekup
geminabox/cwninja/44,cwninja,geminabox
geminabox/geminabox/44,geminabox,geminabox
gen_bunny/mochi/1,mochi,gen_bunny
genode/genodelabs/69,genodelabs,genode
genode/genodelabs/70,genodelabs,genode
genode/genodelabs/71,genodelabs,genode
genode/genodelabs/72,genodelabs,genode
geoext/geoext/16,geoext,geoext
geoext/geoext/17,geoext,geoext
geonode/GeoNode/82,GeoNode,geonode
geonode/GeoNode/83,GeoNode,geonode
geppetto/cloudsmith/265,cloudsmith,geppetto
getbot.js/dylan/2,dylan,getbot.js
geventhttpclient/gwik/1,gwik,geventhttpclient
ggplot2/hadley/351,hadley,ggplot2
ggplot2/hadley/352,hadley,ggplot2
git-commit-notifier/git-commit-notifier/125,git-commit-notifier,git-commit-notifier
git-guide/rogerdudler/2,rogerdudler,git-guide
git-guide/rogerdudler/3,rogerdudler,git-guide
git-guide/rogerdudler/4,rogerdudler,git-guide
git-guide/rogerdudler/5,rogerdudler,git-guide
gitdocs/bazaarlabs/35,bazaarlabs,gitdocs
github-for-mac-issues/baldwindavid/25,baldwindavid,github-for-mac-issues
github-oauth-plugin/mocleiri/14,mocleiri,github-oauth-plugin
github-repositories/jjNford/2,jjNford,github-repositories
github-repositories/jjNford/3,jjNford,github-repositories
github-repositories/jjNford/4,jjNford,github-repositories
github-repositories/jjNford/5,jjNford,github-repositories
github-repositories/jjNford/6,jjNford,github-repositories
github-repositories/jjNford/7,jjNford,github-repositories
github-repositories/jjNford/8,jjNford,github-repositories
github-services/github/213,github,github-services
github-services/github/214,github,github-services
gitlabhq/gitlabhq/272,gitlabhq,gitlabhq
gitlabhq/gitlabhq/273,gitlabhq,gitlabhq
gitlabhq/gitlabhq/274,gitlabhq,gitlabhq
gitlabhq/gitlabhq/275,gitlabhq,gitlabhq
glassfish/javaee/18156,javaee,glassfish
glob-js/kthompson/1,kthompson,glob-js
glue/jorgebastida/1,jorgebastida,glue
glue/jorgebastida/3,jorgebastida,glue
glue/jorgebastida/4,jorgebastida,glue
glue/jorgebastida/6,jorgebastida,glue
glue/jorgebastida/7,jorgebastida,glue
gmail/nu7hatch/47,nu7hatch,gmail
go/golang/2671,golang,go
goliath/postrank-labs/133,postrank-labs,goliath
gollum/github/264,github,gollum
google-analytics-rails/bgarret/1,bgarret,google-analytics-rails
google-weather/jnunemaker/2,jnunemaker,google-weather
goprowl/rem7/1,rem7,goprowl
gproc/esl/7,esl,gproc
grails-core/grails/152,grails,grails-core
grails-fields/robfletcher/18,robfletcher,grails-fields
grails-routing/padcom/7,padcom,grails-routing
graphiti/paperlesspost/23,paperlesspost,graphiti
graphiti/paperlesspost/24,paperlesspost,graphiti
greasemonkey/greasemonkey/1497,greasemonkey,greasemonkey
greenscript/greenlaw110/30,greenlaw110,greenscript
gsb-build-system/gnomeslackbuild/47,gnomeslackbuild,gsb-build-system
guard-rocco/johnbintz/4,johnbintz,guard-rocco
guard-spork/guard/61,guard,guard-spork
guard/guard/222,guard,guard
guard/guard/223,guard,guard
gut/maxogden/3,maxogden,gut
hackday/mpirnat/67,mpirnat,hackday
hadoop-lzo/twitter/40,twitter,hadoop-lzo
hadouken/mhat/1,mhat,hadouken
happinessbot/coreyhaines/20,coreyhaines,happinessbot
haste-server/seejohnrun/15,seejohnrun,haste-server
headjs/headjs/175,headjs,headjs
headphones/rembo10/445,rembo10,headphones
hector/hector-client/383,hector-client,hector
hector/hector-client/384,hector-client,hector
hector/hector-client/385,hector-client,hector
hee/kputnam/6,kputnam,hee
heroku-buildpack-clojure/heroku/12,heroku,heroku-buildpack-clojure
heroku-buildpack-grails/heroku/6,heroku,heroku-buildpack-grails
heroku/heroku/206,heroku,heroku
hexabus/mysmartgrid/47,mysmartgrid,hexabus
hexabus/mysmartgrid/48,mysmartgrid,hexabus
hhvm/facebook/462,facebook,hhvm
hhvm/facebook/463,facebook,hhvm
hibernate-validator/hibernate/96,hibernate,hibernate-validator
hidapi/signal11/38,signal11,hidapi
highcharts/highcharts/692,highcharts,highcharts
highcharts/highcharts/693,highcharts,highcharts
hiphop-php/facebook/462,facebook,hiphop-php
hiphop-php/facebook/463,facebook,hiphop-php
hiredis-py/pietern/7,pietern,hiredis-py
hiredis/redis/74,redis,hiredis
homebrew/Homebrew/9498,Homebrew,homebrew
homebrew/Homebrew/9501,Homebrew,homebrew
homebrew/Homebrew/9502,Homebrew,homebrew
homebrew/Homebrew/9503,Homebrew,homebrew
homebrew/Homebrew/9505,Homebrew,homebrew
homebrew/Homebrew/9507,Homebrew,homebrew
homebrew/Homebrew/9508,Homebrew,homebrew
homebrew/Homebrew/9509,Homebrew,homebrew
homebrew/Homebrew/9510,Homebrew,homebrew
homebrew/Homebrew/9511,Homebrew,homebrew
homebrew/Homebrew/9513,Homebrew,homebrew
homebrew/Homebrew/9514,Homebrew,homebrew
homebrew/Homebrew/9515,Homebrew,homebrew
homebrew/Homebrew/9516,Homebrew,homebrew
homebrew/Homebrew/9517,Homebrew,homebrew
homebrew/Homebrew/9519,Homebrew,homebrew
homebrew/mxcl/9497,mxcl,homebrew
homebrew/mxcl/9498,mxcl,homebrew
homebrew/mxcl/9499,mxcl,homebrew
homebrew/mxcl/9500,mxcl,homebrew
homebrew/mxcl/9501,mxcl,homebrew
homebrew/mxcl/9502,mxcl,homebrew
homebrew/mxcl/9503,mxcl,homebrew
homebrew/mxcl/9504,mxcl,homebrew
homebrew/mxcl/9505,mxcl,homebrew
homebrew/mxcl/9506,mxcl,homebrew
homebrew/mxcl/9507,mxcl,homebrew
homebrew/mxcl/9508,mxcl,homebrew
homebrew/mxcl/9509,mxcl,homebrew
homebrew/mxcl/9510,mxcl,homebrew
homebrew/mxcl/9511,mxcl,homebrew
homebrew/mxcl/9512,mxcl,homebrew
homebrew/mxcl/9513,mxcl,homebrew
homebrew/mxcl/9514,mxcl,homebrew
homebrew/mxcl/9515,mxcl,homebrew
homebrew/mxcl/9516,mxcl,homebrew
homebrew/mxcl/9517,mxcl,homebrew
homebrew/mxcl/9518,mxcl,homebrew
homebrew/mxcl/9519,mxcl,homebrew
html5.tmbundle/johnmuhl/16,johnmuhl,html5.tmbundle
http-browserdetect/oalders/32,oalders,http-browserdetect
http-browserdetect/oalders/33,oalders,http-browserdetect
hubot-scripts/github/247,github,hubot-scripts
hubot/github/223,github,hubot
hyde/hyde/141,hyde,hyde
hyphy/veg/62,veg,hyphy
hyphy/veg/63,veg,hyphy
icefilms-addon/Eldorados/13,Eldorados,icefilms-addon
icicle/slayoo/55,slayoo,icicle
idlsave/astrofrog/5,astrofrog,idlsave
imbo/imbo/18,imbo,imbo
impress.js/bartaz/40,bartaz,impress.js
impress.js/bartaz/41,bartaz,impress.js
impress.js/bartaz/42,bartaz,impress.js
infinispan/infinispan/804,infinispan,infinispan
infinispan/infinispan/805,infinispan,infinispan
infinispan/infinispan/806,infinispan,infinispan
informationdiet/cjoh/2,cjoh,informationdiet
inkblot/mgsisk/6,mgsisk,inkblot
input-tests/mozilla/108,mozilla,input-tests
ion-definitions/ooici-dm/1,ooici-dm,ion-definitions
ion-definitions/ooici/30,ooici,ion-definitions
ion-definitions/ooici/31,ooici,ion-definitions
ionize/ionize/25,ionize,ionize
ipython/ipython/1247,ipython,ipython
ipython/ipython/1248,ipython,ipython
ipython/ipython/1249,ipython,ipython
isotope/desandro/133,desandro,isotope
isotope/desandro/134,desandro,isotope
ispc/ispc/153,ispc,ispc
ispc/ispc/154,ispc,ispc
issue-migration-testing/mantidproject/531,mantidproject,issue-migration-testing
jQuery-File-Upload/blueimp/931,blueimp,jQuery-File-Upload
jQuery-UI-Date-Range-Picker/filamentgroup/14,filamentgroup,jQuery-UI-Date-Range-Picker
jQuery-UI-Date-Range-Picker/filamentgroup/15,filamentgroup,jQuery-UI-Date-Range-Picker
jQuery-UI-Date-Range-Picker/filamentgroup/16,filamentgroup,jQuery-UI-Date-Range-Picker
jQuery-Validation-Engine/posabsolute/236,posabsolute,jQuery-Validation-Engine
jQuery-Validation-Engine/posabsolute/237,posabsolute,jQuery-Validation-Engine
jQuery.Gantt/mbielanczuk/16,mbielanczuk,jQuery.Gantt
jansson/akheron/48,akheron,jansson
janus/carlhuda/351,carlhuda,janus
janus/carlhuda/352,carlhuda,janus
jasmine-maven-plugin/searls/54,searls,jasmine-maven-plugin
jbig2enc/agl/23,agl,jbig2enc
jboss-as-quickstart/jboss-jdf/46,jboss-jdf,jboss-as-quickstart
jboss-as-quickstart/jboss-jdf/47,jboss-jdf,jboss-as-quickstart
jboss-as-quickstart/jboss-jdf/48,jboss-jdf,jboss-as-quickstart
jboss-as-quickstart/jboss-jdf/49,jboss-jdf,jboss-as-quickstart
jboss-as-quickstart/jboss-jdf/50,jboss-jdf,jboss-as-quickstart
jboss-as/jbossas/1042,jbossas,jboss-as
jboss-as/jbossas/1043,jbossas,jboss-as
jboss-as/jbossas/1046,jbossas,jboss-as
jboss-as/jbossas/1047,jbossas,jboss-as
jboss-eap-quickstarts/jboss-developer/46,jboss-developer,jboss-eap-quickstarts
jboss-eap-quickstarts/jboss-developer/47,jboss-developer,jboss-eap-quickstarts
jboss-eap-quickstarts/jboss-developer/48,jboss-developer,jboss-eap-quickstarts
jboss-eap-quickstarts/jboss-developer/49,jboss-developer,jboss-eap-quickstarts
jboss-eap-quickstarts/jboss-developer/50,jboss-developer,jboss-eap-quickstarts
jcanvas/caleb531/4,caleb531,jcanvas
jcarousel/jsor/290,jsor,jcarousel
jcarousel/jsor/291,jsor,jcarousel
jclouds/jclouds/297,jclouds,jclouds
jclouds/jclouds/300,jclouds,jclouds
jigoshop/jigoshop/500,jigoshop,jigoshop
jmeter-amf/steeltomato/21,steeltomato,jmeter-amf
jmock-library/jmock-developers/4,jmock-developers,jmock-library
jmock-library/jmock-developers/5,jmock-developers,jmock-library
jmock-library/jmock-developers/6,jmock-developers,jmock-library
joomla-platform/joomla/727,joomla,joomla-platform
joomla-platform/joomla/728,joomla,joomla-platform
joomla-platform/joomla/729,joomla,joomla-platform
jqGrid/tonytomov/240,tonytomov,jqGrid
jquery-iframe-auto-height/house9/20,house9,jquery-iframe-auto-height
jquery-mobile-datebox/jtsage/145,jtsage,jquery-mobile-datebox
jquery-mobile/jquery/3395,jquery,jquery-mobile
jquery-mobile/jquery/3396,jquery,jquery-mobile
jquery-mobile/jquery/3397,jquery,jquery-mobile
jquery-pageslide/srobbin/63,srobbin,jquery-pageslide
jquery-syntaxhighlighter/balupton/4,balupton,jquery-syntaxhighlighter
jquery-timeago/rmm5t/50,rmm5t,jquery-timeago
jquery-ui-bootstrap/addyosmani/29,addyosmani,jquery-ui-bootstrap
jquery-waypoints/imakewebthings/37,imakewebthings,jquery-waypoints
jquerytools/jquerytools/614,jquerytools,jquerytools
jquerytools/jquerytools/615,jquerytools,jquerytools
js2coffee/js2coffee/118,js2coffee,js2coffee
jsdom/tmpvar/384,tmpvar,jsdom
jshint/jshint/416,jshint,jshint
json_spec/collectiveidea/17,collectiveidea,json_spec
jsrender/BorisMoore/60,BorisMoore,jsrender
julia/JuliaLang/332,JuliaLang,julia
julia/JuliaLang/333,JuliaLang,julia
kebab-revolution/kebab-project/82,kebab-project,kebab-revolution
keystonelight/termie/5,termie,keystonelight
khan-exercises/Khan/10702,Khan,khan-exercises
khan-exercises/Khan/10703,Khan,khan-exercises
khan-exercises/Khan/10704,Khan,khan-exercises
khan-exercises/Khan/10705,Khan,khan-exercises
khan-exercises/Khan/10706,Khan,khan-exercises
khan-exercises/Khan/10707,Khan,khan-exercises
khan-exercises/Khan/10708,Khan,khan-exercises
khan-exercises/Khan/10709,Khan,khan-exercises
khan-exercises/Khan/10710,Khan,khan-exercises
khan-exercises/Khan/10711,Khan,khan-exercises
khan-exercises/Khan/10712,Khan,khan-exercises
khan-exercises/Khan/10713,Khan,khan-exercises
khan-exercises/Khan/10714,Khan,khan-exercises
khan-exercises/Khan/10715,Khan,khan-exercises
khan-exercises/Khan/10717,Khan,khan-exercises
khan-exercises/Khan/10718,Khan,khan-exercises
khan-exercises/Khan/10719,Khan,khan-exercises
khan-exercises/Khan/10720,Khan,khan-exercises
khan-exercises/Khan/10721,Khan,khan-exercises
khan-exercises/Khan/10722,Khan,khan-exercises
khan-exercises/Khan/10723,Khan,khan-exercises
khan-exercises/Khan/10724,Khan,khan-exercises
khan-exercises/Khan/10725,Khan,khan-exercises
khan-exercises/Khan/10726,Khan,khan-exercises
khan-exercises/Khan/10727,Khan,khan-exercises
khan-exercises/Khan/10728,Khan,khan-exercises
khan-exercises/Khan/10729,Khan,khan-exercises
khan-exercises/Khan/10730,Khan,khan-exercises
khan-exercises/Khan/10731,Khan,khan-exercises
khan-exercises/Khan/10732,Khan,khan-exercises
khan-exercises/Khan/10735,Khan,khan-exercises
khan-exercises/Khan/10736,Khan,khan-exercises
khan-exercises/Khan/10737,Khan,khan-exercises
khan-exercises/Khan/10738,Khan,khan-exercises
khan-exercises/Khan/10739,Khan,khan-exercises
khan-exercises/Khan/10740,Khan,khan-exercises
khan-exercises/Khan/10741,Khan,khan-exercises
khan-exercises/Khan/10742,Khan,khan-exercises
khan-exercises/Khan/10743,Khan,khan-exercises
khan-exercises/Khan/10744,Khan,khan-exercises
khan-exercises/Khan/10745,Khan,khan-exercises
khan-exercises/Khan/10746,Khan,khan-exercises
khan-exercises/Khan/10747,Khan,khan-exercises
khan-exercises/Khan/10748,Khan,khan-exercises
khan-exercises/Khan/10749,Khan,khan-exercises
khan-exercises/Khan/10750,Khan,khan-exercises
khan-exercises/Khan/10751,Khan,khan-exercises
khan-exercises/Khan/10752,Khan,khan-exercises
khan-exercises/Khan/10753,Khan,khan-exercises
khan-exercises/Khan/10754,Khan,khan-exercises
khan-exercises/Khan/10755,Khan,khan-exercises
khan-exercises/Khan/10756,Khan,khan-exercises
khan-exercises/Khan/10757,Khan,khan-exercises
khan-exercises/Khan/10758,Khan,khan-exercises
khan-exercises/Khan/10759,Khan,khan-exercises
khan-exercises/Khan/10760,Khan,khan-exercises
khan-exercises/Khan/10761,Khan,khan-exercises
khan-exercises/Khan/10762,Khan,khan-exercises
khan-exercises/Khan/10763,Khan,khan-exercises
khan-exercises/Khan/10764,Khan,khan-exercises
khan-exercises/Khan/10765,Khan,khan-exercises
khan-exercises/Khan/10766,Khan,khan-exercises
khan-exercises/Khan/10767,Khan,khan-exercises
khan-exercises/Khan/10768,Khan,khan-exercises
khan-exercises/Khan/10769,Khan,khan-exercises
khan-exercises/Khan/10770,Khan,khan-exercises
khan-exercises/Khan/10771,Khan,khan-exercises
khan-exercises/Khan/10772,Khan,khan-exercises
khan-exercises/Khan/10773,Khan,khan-exercises
khan-exercises/Khan/10774,Khan,khan-exercises
khan-exercises/Khan/10775,Khan,khan-exercises
khan-exercises/Khan/10776,Khan,khan-exercises
khan-exercises/Khan/10777,Khan,khan-exercises
khan-exercises/Khan/10778,Khan,khan-exercises
khan-exercises/Khan/10779,Khan,khan-exercises
khan-exercises/Khan/10781,Khan,khan-exercises
khan-exercises/Khan/10782,Khan,khan-exercises
khan-exercises/Khan/10783,Khan,khan-exercises
khan-exercises/Khan/10784,Khan,khan-exercises
khan-exercises/Khan/10785,Khan,khan-exercises
khan-exercises/Khan/10786,Khan,khan-exercises
khan-exercises/Khan/10787,Khan,khan-exercises
khan-exercises/Khan/10788,Khan,khan-exercises
khan-exercises/Khan/10789,Khan,khan-exercises
khan-exercises/Khan/10791,Khan,khan-exercises
khan-exercises/Khan/10792,Khan,khan-exercises
khan-exercises/Khan/10793,Khan,khan-exercises
khan-exercises/Khan/10794,Khan,khan-exercises
khan-exercises/Khan/10795,Khan,khan-exercises
khan-exercises/Khan/10796,Khan,khan-exercises
khan-exercises/Khan/10797,Khan,khan-exercises
kitsune/mozilla/426,mozilla,kitsune
kivy/kivy/359,kivy,kivy
kivy/kivy/360,kivy,kivy
kiwi/openSUSE/40,openSUSE,kiwi
knife-ec2/opscode/30,opscode,knife-ec2
kotaren/volpe28v/1,volpe28v,kotaren
kotaren/volpe28v/2,volpe28v,kotaren
kotaren/volpe28v/3,volpe28v,kotaren
kukkaisvoima/Petteri/5,Petteri,kukkaisvoima
lavaan/yrosseel/2,yrosseel,lavaan
learn/extension/122,extension,learn
ledger-web/peterkeen/4,peterkeen,ledger-web
leiningen/technomancy/370,technomancy,leiningen
leiningen/technomancy/371,technomancy,leiningen
leiningen/technomancy/372,technomancy,leiningen
less.js/cloudhead/551,cloudhead,less.js
less.js/cloudhead/552,cloudhead,less.js
less.js/cloudhead/553,cloudhead,less.js
less.js/less/551,less,less.js
less.js/less/552,less,less.js
less.js/less/553,less,less.js
libRocket/libRocket/33,libRocket,libRocket
libRocket/lloydw/33,lloydw,libRocket
libcec/Pulse-Eight/17,Pulse-Eight,libcec
libcloud/apache/53,apache,libcloud
libcsp/GomSpace/24,GomSpace,libcsp
libcsp/GomSpace/25,GomSpace,libcsp
libcsp/GomSpace/26,GomSpace,libcsp
libtommath/libtom/5,libtom,libtommath
libzmq/zeromq/223,zeromq,libzmq
liferay-maven-support/brianchandotcom/9,brianchandotcom,liferay-maven-support
liferay-plugins/hhuijser/28,hhuijser,liferay-plugins
liferay-portal/brianchandotcom/3646,brianchandotcom,liferay-portal
liferay-portal/brianchandotcom/3647,brianchandotcom,liferay-portal
liferay-portal/brianchandotcom/3648,brianchandotcom,liferay-portal
liferay-portal/brianchandotcom/3649,brianchandotcom,liferay-portal
liferay-portal/brianchandotcom/3650,brianchandotcom,liferay-portal
liferay-portal/brianchandotcom/3651,brianchandotcom,liferay-portal
liferay-portal/brianchandotcom/3652,brianchandotcom,liferay-portal
liferay-portal/brianchandotcom/3653,brianchandotcom,liferay-portal
liferay-portal/brianchandotcom/3654,brianchandotcom,liferay-portal
liferay-portal/brianchandotcom/3655,brianchandotcom,liferay-portal
liferay-portal/hhuijser/389,hhuijser,liferay-portal
liferay-portal/juanferrub/120,juanferrub,liferay-portal
liferay-portal/matethurzo/29,matethurzo,liferay-portal
liferay-portal/matethurzo/30,matethurzo,liferay-portal
liferay-portal/natecavanaugh/511,natecavanaugh,liferay-portal
liferay-portal/samuelkong/166,samuelkong,liferay-portal
limechat/psychs/89,psychs,limechat
liquidluck/lepture/5,lepture,liquidluck
lithium/UnionOfRAD/254,UnionOfRAD,lithium
lithium/UnionOfRAD/255,UnionOfRAD,lithium
lithium/UnionOfRAD/256,UnionOfRAD,lithium
llamaOS/wilseypa/27,wilseypa,llamaOS
llamaOS/wilseypa/28,wilseypa,llamaOS
llamaOS/wilseypa/29,wilseypa,llamaOS
llamaOS/wilseypa/30,wilseypa,llamaOS
llamaOS/wilseypa/31,wilseypa,llamaOS
llamaOS/wilseypa/32,wilseypa,llamaOS
llamaOS/wilseypa/33,wilseypa,llamaOS
llamaOS/wilseypa/34,wilseypa,llamaOS
localwiki/localwiki/164,localwiki,localwiki
luasql/keplerproject/3,keplerproject,luasql
lumbar/walmartlabs/47,walmartlabs,lumbar
luvit/luvit/75,luvit,luvit
lxml/lxml/27,lxml,lxml
mViewer/Imaginea/40,Imaginea,mViewer
mViewer/Imaginea/42,Imaginea,mViewer
machine.specifications/machine/86,machine,machine.specifications
madlib/madlib/96,madlib,madlib
magento-plugin/jirafe/105,jirafe,magento-plugin
magento-plugin/jirafe/106,jirafe,magento-plugin
magit/magit/325,magit,magit
maiden/serby/11,serby,maiden
mail/mikel/323,mikel,mail
main/gooseproject/1728,gooseproject,main
main/gooseproject/1729,gooseproject,main
main/gooseproject/1730,gooseproject,main
main/gooseproject/1731,gooseproject,main
main/gooseproject/1732,gooseproject,main
main/gooseproject/1733,gooseproject,main
main/gooseproject/1734,gooseproject,main
main/gooseproject/1735,gooseproject,main
main/gooseproject/1736,gooseproject,main
main/gooseproject/1737,gooseproject,main
mantid/mantidproject/5266,mantidproject,mantid
mantisbt/mantisbt/34,mantisbt,mantisbt
mapit/mysociety/17,mysociety,mapit
mapnik-packaging/mapnik/35,mapnik,mapnik-packaging
mapnik/mapnik/1011,mapnik,mapnik
mapnik/mapnik/1012,mapnik,mapnik
mapnik/mapnik/1013,mapnik,mapnik
mapnik/mapnik/1014,mapnik,mapnik
maqetta/maqetta/1503,maqetta,maqetta
maqetta/maqetta/1504,maqetta,maqetta
maqetta/maqetta/1505,maqetta,maqetta
maqetta/maqetta/1506,maqetta,maqetta
maqetta/maqetta/1507,maqetta,maqetta
maqetta/maqetta/1508,maqetta,maqetta
maqetta/maqetta/1509,maqetta,maqetta
maqetta/maqetta/1510,maqetta,maqetta
maqetta/maqetta/1511,maqetta,maqetta
maqetta/maqetta/1512,maqetta,maqetta
maqetta/maqetta/1513,maqetta,maqetta
maraschino/mrkipling/48,mrkipling,maraschino
marked/chjj/11,chjj,marked
marked/chjj/12,chjj,marked
marked/chjj/15,chjj,marked
marked/chjj/16,chjj,marked
marked/chjj/17,chjj,marked
marked/chjj/18,chjj,marked
marked/chjj/20,chjj,marked
markup/github/97,github,markup
matador/Obvious/10,Obvious,matador
matador/Obvious/11,Obvious,matador
mate-menus/mate-desktop/1,mate-desktop,mate-menus
mate-panel/mate-desktop/1,mate-desktop,mate-panel
mcdungeon/orphu/50,orphu,mcdungeon
mdns/davecheney/1,davecheney,mdns
mediaelement/johndyer/354,johndyer,mediaelement
mega-analysis/MEGAEvo/2,MEGAEvo,mega-analysis
memchaser/mozilla/10,mozilla,memchaser
memchaser/mozilla/4,mozilla,memchaser
memchaser/mozilla/6,mozilla,memchaser
memchaser/mozilla/8,mozilla,memchaser
memchaser/mozilla/9,mozilla,memchaser
mercury/jejacks0n/124,jejacks0n,mercury
metAMOS/treangen/34,treangen,metAMOS
meta-box/rilwis/63,rilwis,meta-box
meta-java/woglinde/10,woglinde,meta-java
metacpan-web/metacpan/445,metacpan,metacpan-web
metasploit-framework/rapid7/97,rapid7,metasploit-framework
mezzanine/stephenmcd/120,stephenmcd,mezzanine
middleman/middleman/234,middleman,middleman
mindmaps/drichard/3,drichard,mindmaps
miniMVC/aviat4ion/1,aviat4ion,miniMVC
minitest-capistrano/fnichol/1,fnichol,minitest-capistrano
minitest-reporters/CapnKernul/9,CapnKernul,minitest-reporters
mixpanel-iphone/mixpanel/16,mixpanel,mixpanel-iphone
mixpanel-iphone/mixpanel/17,mixpanel,mixpanel-iphone
mobileorg-android/matburt/136,matburt,mobileorg-android
mocha/freerange/52,freerange,mocha
mocha/mochajs/200,mochajs,mocha
mocha/mochajs/201,mochajs,mocha
mocha/mochajs/202,mochajs,mocha
modeshape/ModeShape/265,ModeShape,modeshape
module-grapher/tobie/5,tobie,module-grapher
modules.zendframework.com/zendframework/15,zendframework,modules.zendframework.com
mojolicious-plugin-mail/sharifulin/3,sharifulin,mojolicious-plugin-mail
moment/moment/124,moment,moment
moment/timrwood/124,timrwood,moment
mongodb-odm/doctrine/227,doctrine,mongodb-odm
mongodb-odm/doctrine/228,doctrine,mongodb-odm
mongodb-odm/doctrine/229,doctrine,mongodb-odm
mongoid-site/mongoid/105,mongoid,mongoid-site
mongoid/mongoid/1567,mongoid,mongoid
mongoid/mongoid/1568,mongoid,mongoid
mongoid/mongoid/1569,mongoid,mongoid
mongoid/mongoid/1570,mongoid,mongoid
mongoid/mongoid/1571,mongoid,mongoid
mongoid/mongoid/1572,mongoid,mongoid
mongoid/mongoid/1573,mongoid,mongoid
mongoid/mongoid/1574,mongoid,mongoid
mongoose-troop/tblobaum/8,tblobaum,mongoose-troop
mongrel2/zedshaw/98,zedshaw,mongrel2
montage/montagejs/13,montagejs,montage
montage/montagejs/14,montagejs,montage
montage/montagejs/15,montagejs,montage
montage/montagejs/16,montagejs,montage
montage/montagejs/17,montagejs,montage
moodle-tinymce/WebCourseworks/1,WebCourseworks,moodle-tinymce
moonshine_redis/railsmachine/4,railsmachine,moonshine_redis
mootools-core/mootools/2194,mootools,mootools-core
mootools-core/mootools/2195,mootools,mootools-core
mootools-core/mootools/2196,mootools,mootools-core
mootools-core/mootools/2197,mootools,mootools-core
morse/laas/33,laas,morse
mozilla-style/mozilla-services/1,mozilla-services,mozilla-style
mozmill-environment/mozilla/7,mozilla,mozmill-environment
msgpack-rpc-python/msgpack/2,msgpack,msgpack-rpc-python
mspec/rubyspec/19,rubyspec,mspec
mulberry/Toura/254,Toura,mulberry
munkiserver/jnraine/122,jnraine,munkiserver
mwf/ucla/60,ucla,mwf
mx/mx3/36,mx3,mx
mx/mx3/37,mx3,mx
mymysql/ziutek/4,ziutek,mymysql
myotherbrain/joshsh/19,joshsh,myotherbrain
myrpc/qehgt/1,qehgt,myrpc
myrpc/qehgt/2,qehgt,myrpc
mysql/mysqljs/161,mysqljs,mysql
mysql2/brianmario/235,brianmario,mysql2
mzalendo/mysociety/194,mysociety,mzalendo
mzalendo/mysociety/195,mysociety,mzalendo
naali/realXtend/306,realXtend,naali
nakamura/sakaiproject/541,sakaiproject,nakamura
nanoc/ddfreyne/82,ddfreyne,nanoc
nanoc/nanoc/82,nanoc,nanoc
ncETL/USGS-CIDA/27,USGS-CIDA,ncETL
nemerle/rsdn/240,rsdn,nemerle
nemerle/rsdn/241,rsdn,nemerle
neo4j-community/dnagir/1,dnagir,neo4j-community
nerdcommenter/scrooloose/56,scrooloose,nerdcommenter
nerdtree/scrooloose/110,scrooloose,nerdtree
netba/ohri/10,ohri,netba
netba/ohri/9,ohri,netba
netmagis/pdav/29,pdav,netmagis
netreg/fsweetser/2,fsweetser,netreg
nette/nette/454,nette,nette
next/Sakartu/37,Sakartu,next
nexus/sonatype/181,sonatype,nexus
nhibernate-core/nhibernate/44,nhibernate,nhibernate-core
nhibernate-core/nhibernate/45,nhibernate,nhibernate-core
nhibernate-core/nhibernate/46,nhibernate,nhibernate-core
ninja-ide/ninja-ide/171,ninja-ide,ninja-ide
ninja-ide/ninja-ide/172,ninja-ide,ninja-ide
ninja-ide/ninja-ide/173,ninja-ide,ninja-ide
ninja-ide/ninja-ide/174,ninja-ide,ninja-ide
nipy/nipy/125,nipy,nipy
node-beanstalk-worker/benlund/2,benlund,node-beanstalk-worker
node-fork/stolsma/4,stolsma,node-fork
node-fs-extra/jprichardson/1,jprichardson,node-fs-extra
node-ginger/deoxxa/1,deoxxa,node-ginger
node-gits/anodejs/2,anodejs,node-gits
node-gphoto2/lwille/1,lwille,node-gphoto2
node-gphoto2/lwille/2,lwille,node-gphoto2
node-gphoto2/lwille/3,lwille,node-gphoto2
node-gphoto2/lwille/4,lwille,node-gphoto2
node-gphoto2/lwille/5,lwille,node-gphoto2
node-http-proxy/nodejitsu/175,nodejitsu,node-http-proxy
node-imagemagick/rsms/30,rsms,node-imagemagick
node-mongodb-native/mongodb/471,mongodb,node-mongodb-native
node-mongodb-native/mongodb/472,mongodb,node-mongodb-native
node-openid/havard/62,havard,node-openid
node-orm/dresende/25,dresende,node-orm
node-orm/dresende/26,dresende,node-orm
node-orm/dresende/27,dresende,node-orm
node-persist/nearinfinity/18,nearinfinity,node-persist
node-tds/cretz/1,cretz,node-tds
node-v0.x-archive/nodejs/2496,nodejs,node-v0.x-archive
node-v0.x-archive/nodejs/2497,nodejs,node-v0.x-archive
node-v0.x-archive/nodejs/2498,nodejs,node-v0.x-archive
node-webkit/rogerwang/2,rogerwang,node-webkit
nodegit/tbranyen/38,tbranyen,nodegit
npm/isaacs/2014,isaacs,npm
npm/isaacs/2015,isaacs,npm
nt2/MetaScale/121,MetaScale,nt2
nt2/MetaScale/122,MetaScale,nt2
nt2/MetaScale/123,MetaScale,nt2
nt2/MetaScale/124,MetaScale,nt2
nt2/MetaScale/125,MetaScale,nt2
nugetpackages/ferventcoder/35,ferventcoder,nugetpackages
nvda/nvaccess/2036,nvaccess,nvda
nvda/nvaccess/2037,nvaccess,nvda
oauth2/intridea/84,intridea,oauth2
objectiveflickr/lukhnos/25,lukhnos,objectiveflickr
ocaml-mantis-wip/mantismigrationtest-123/3736,mantismigrationtest-123,ocaml-mantis-wip
ocaml-mantis-wip/mantismigrationtest-123/3737,mantismigrationtest-123,ocaml-mantis-wip
ocaml-mantis-wip/nojb/3965,nojb,ocaml-mantis-wip
ocaml-mantis-wip/nojb/3966,nojb,ocaml-mantis-wip
ocanvas/koggdal/23,koggdal,ocanvas
octonode/pksunkara/9,pksunkara,octonode
octopus/thiagopradi/66,thiagopradi,octopus
ofSite/openframeworks/29,openframeworks,ofSite
ofSite/openframeworks/30,openframeworks,ofSite
oh-my-zsh/robbyrussell/819,robbyrussell,oh-my-zsh
oh-my-zsh/robbyrussell/820,robbyrussell,oh-my-zsh
oh-my-zsh/robbyrussell/821,robbyrussell,oh-my-zsh
ohmageFrontEnd/cens/165,cens,ohmageFrontEnd
ohmageServer/cens/161,cens,ohmageServer
one/brentonashworth/52,brentonashworth,one
opal/opal/53,opal,opal
openblock/openplans/3,openplans,openblock
openmc/mit-crpg/67,mit-crpg,openmc
openmicroscopy/openmicroscopy/54,openmicroscopy,openmicroscopy
openscad/openscad/60,openscad,openscad
openscad/openscad/61,openscad,openscad
openscad/openscad/62,openscad,openscad
oracle-enhanced/rsim/140,rsim,oracle-enhanced
overthere/xebialabs/33,xebialabs,overthere
package_control_channel/wbond/86,wbond,package_control_channel
package_control_channel/wbond/88,wbond,package_control_channel
packettracer-bridge/andiwand/1,andiwand,packettracer-bridge
padrino-framework/padrino/746,padrino,padrino-framework
padrino-framework/padrino/747,padrino,padrino-framework
pallet/pallet/108,pallet,pallet
panda/pandaproject/322,pandaproject,panda
pandas/pydata/595,pydata,pandas
pandas/pydata/596,pydata,pandas
pandas/pydata/597,pydata,pandas
pandas/pydata/598,pydata,pandas
pandoc/jgm/371,jgm,pandoc
pandoc/jgm/372,jgm,pandoc
pandoc/jgm/373,jgm,pandoc
pane/brownsys/29,brownsys,pane
paper.js/paperjs/67,paperjs,paper.js
paper.js/paperjs/68,paperjs,paper.js
paperclip/thoughtbot/700,thoughtbot,paperclip
paperwork/jflesch/41,jflesch,paperwork
parent/jboss-switchyard/34,jboss-switchyard,parent
pastebin-sublime-plugin/Paaskehare/1,Paaskehare,pastebin-sublime-plugin
pdf-reader/yob/40,yob,pdf-reader
pdf.js/mozilla/1045,mozilla,pdf.js
pdf.js/mozilla/1046,mozilla,pdf.js
pdf.js/mozilla/1047,mozilla,pdf.js
pdf.js/mozilla/1049,mozilla,pdf.js
pdf.js/mozilla/1050,mozilla,pdf.js
perfplanet/stoyan/18,stoyan,perfplanet
periods/jwiegley/1,jwiegley,periods
persistent/yesodweb/37,yesodweb,persistent
pfsense-packages/bsdperimeter/192,bsdperimeter,pfsense-packages
pgina/pgina/80,pgina,pgina
pgxn-api/pgxn/11,pgxn,pgxn-api
phantomjs/ariya/10341,ariya,phantomjs
phantomjs/ariya/191,ariya,phantomjs
phoenix/josven/1,josven,phoenix
phoenix/josven/10,josven,phoenix
phoenix/josven/11,josven,phoenix
phoenix/josven/12,josven,phoenix
phoenix/josven/13,josven,phoenix
phoenix/josven/14,josven,phoenix
phoenix/josven/15,josven,phoenix
phoenix/josven/16,josven,phoenix
phoenix/josven/17,josven,phoenix
phoenix/josven/2,josven,phoenix
phoenix/josven/20,josven,phoenix
phoenix/josven/21,josven,phoenix
phoenix/josven/22,josven,phoenix
phoenix/josven/23,josven,phoenix
phoenix/josven/24,josven,phoenix
phoenix/josven/26,josven,phoenix
phoenix/josven/3,josven,phoenix
phoenix/josven/4,josven,phoenix
phoenix/josven/5,josven,phoenix
phoenix/josven/6,josven,phoenix
phoenix/josven/7,josven,phoenix
phoenix/josven/8,josven,phoenix
phoenix/josven/9,josven,phoenix
phonegap-plugins/mgcrea/3,mgcrea,phonegap-plugins
php-drupal.tmbundle/psynaptic/29,psynaptic,php-drupal.tmbundle
php-ews/jamesiarmes/1,jamesiarmes,php-ews
php-ews/jamesiarmes/10,jamesiarmes,php-ews
php-ews/jamesiarmes/11,jamesiarmes,php-ews
php-ews/jamesiarmes/12,jamesiarmes,php-ews
php-ews/jamesiarmes/13,jamesiarmes,php-ews
php-ews/jamesiarmes/14,jamesiarmes,php-ews
php-ews/jamesiarmes/15,jamesiarmes,php-ews
php-ews/jamesiarmes/2,jamesiarmes,php-ews
php-ews/jamesiarmes/3,jamesiarmes,php-ews
php-ews/jamesiarmes/4,jamesiarmes,php-ews
php-ews/jamesiarmes/5,jamesiarmes,php-ews
php-ews/jamesiarmes/6,jamesiarmes,php-ews
php-ews/jamesiarmes/7,jamesiarmes,php-ews
php-ews/jamesiarmes/8,jamesiarmes,php-ews
php-ews/jamesiarmes/9,jamesiarmes,php-ews
phpBB-Blog/phpBB-Blog/58,phpBB-Blog,phpBB-Blog
phpCAS/Jasig/18,Jasig,phpCAS
phpDocumentor2/phpDocumentor/344,phpDocumentor,phpDocumentor2
phpDocumentor2/phpDocumentor/345,phpDocumentor,phpDocumentor2
phpDocumentor2/phpDocumentor/346,phpDocumentor,phpDocumentor2
phpDocumentor2/phpDocumentor/347,phpDocumentor,phpDocumentor2
phpDocumentor2/phpDocumentor/348,phpDocumentor,phpDocumentor2
phpMyFAQ/thorsten/381,thorsten,phpMyFAQ
phparess/tylerchr/1,tylerchr,phparess
phpbb/phpbb/530,phpbb,phpbb
phpbb3/phpbb/530,phpbb,phpbb3
phpcr-odm/doctrine/90,doctrine,phpcr-odm
pingdom-client/mtodd/6,mtodd,pingdom-client
pioneer/pioneerspacesim/889,pioneerspacesim,pioneer
pioneer/pioneerspacesim/890,pioneerspacesim,pioneer
play/play/76,play,play
play1/playframework/431,playframework,play1
playframework/playframework/74,playframework,playframework
playframework/playframework/75,playframework,playframework
playframework/playframework/76,playframework,playframework
plone.app.dexterity/plone/6,plone,plone.app.dexterity
plone.app.dexterity/plone/7,plone,plone.app.dexterity
plugin.audio.qobuz/tidalf/33,tidalf,plugin.audio.qobuz
plugin.audio.qobuz/tidalf/36,tidalf,plugin.audio.qobuz
plugin.video.the.trailers/XBMC-Addons/1,XBMC-Addons,plugin.video.the.trailers
plupload/moxiecode/455,moxiecode,plupload
plupload/moxiecode/456,moxiecode,plupload
plyr/hadley/72,hadley,plyr
pombola/mysociety/194,mysociety,pombola
pombola/mysociety/195,mysociety,pombola
pomodoro-daisuki/ninoseki/5,ninoseki,pomodoro-daisuki
pony/benprew/7,benprew,pony
posix-spawn/rtomayko/24,rtomayko,posix-spawn
postal/drewr/16,drewr,postal
postgresql-simple/lpsmith/5,lpsmith,postgresql-simple
pplacer/matsen/206,matsen,pplacer
prequel/jpersson/5,jpersson,prequel
pry-exception_explorer/banister/5,banister,pry-exception_explorer
pry-exception_explorer/banister/6,banister,pry-exception_explorer
pry-exception_explorer/banister/7,banister,pry-exception_explorer
pry-exception_explorer/banister/8,banister,pry-exception_explorer
psidev/MICommunity/527,MICommunity,psidev
psychopy/psychopy/94,psychopy,psychopy
ptah/ptahproject/121,ptahproject,ptah
publisher/speedata/9,speedata,publisher
pug/pugjs/467,pugjs,pug
punbb/punbb/69,punbb,punbb
puppet/puppetlabs/314,puppetlabs,puppet
puppet/puppetlabs/315,puppetlabs,puppet
puppet/puppetlabs/316,puppetlabs,puppet
puppet/puppetlabs/318,puppetlabs,puppet
puppet/puppetlabs/319,puppetlabs,puppet
puppetlabs-f5/puppetlabs/74,puppetlabs,puppetlabs-f5
puppetlabs-rabbitmq/puppetlabs/13,puppetlabs,puppetlabs-rabbitmq
pybugz/williamh/14,williamh,pybugz
pyclaw/clawpack/119,clawpack,pyclaw
pyclaw/clawpack/120,clawpack,pyclaw
pyclaw/clawpack/121,clawpack,pyclaw
pydoc.vim/fs111/15,fs111,pydoc.vim
pydoc.vim/fs111/16,fs111,pydoc.vim
pyes/aparo/149,aparo,pyes
pyes/aparo/150,aparo,pyes
pyitunes/liamks/2,liamks,pyitunes
pyjaco/chrivers/13,chrivers,pyjaco
pyjaco/chrivers/14,chrivers,pyjaco
pyjaco/chrivers/19,chrivers,pyjaco
pyjaco/chrivers/22,chrivers,pyjaco
pyjaco/chrivers/26,chrivers,pyjaco
pyjaco/chrivers/27,chrivers,pyjaco
pyjaco/chrivers/38,chrivers,pyjaco
pyjaco/chrivers/47,chrivers,pyjaco
pyjaco/chrivers/52,chrivers,pyjaco
pyjaco/chrivers/57,chrivers,pyjaco
pyramid/Pylons/396,Pylons,pyramid
pyramid/Pylons/397,Pylons,pyramid
pyramid_exclog/Pylons/4,Pylons,pyramid_exclog
pyramid_webassets/sontek/1,sontek,pyramid_webassets
pyrocms/pyrocms/1068,pyrocms,pyrocms
pyrocms/pyrocms/1069,pyrocms,pyrocms
pysolr/django-haystack/39,django-haystack,pysolr
python-for-android/kivy/1,kivy,python-for-android
python-mode/klen/35,klen,python-mode
python-oauth2/joestump/103,joestump,python-oauth2
pythonbrew/utahta/54,utahta,pythonbrew
pythonbrew/utahta/55,utahta,pythonbrew
qTip2/Craga89/295,Craga89,qTip2
ql.io/ql-io/213,ql-io,ql.io
querydsl/mysema/78,mysema,querydsl
quickfixn/connamara/24,connamara,quickfixn
quickstart/jboss-eap/1,jboss-eap,quickstart
quickstart/pmuir/1,pmuir,quickstart
qupzilla/QupZilla/145,QupZilla,qupzilla
qupzilla/QupZilla/146,QupZilla,qupzilla
qupzilla/QupZilla/147,QupZilla,qupzilla
qupzilla/QupZilla/148,QupZilla,qupzilla
qupzilla/QupZilla/150,QupZilla,qupzilla
ra1stats/elaird/18,elaird,ra1stats
rabbit.js/squaremo/7,squaremo,rabbit.js
rabbit.js/squaremo/8,squaremo,rabbit.js
rack/chneukirchen/23,chneukirchen,rack
rack/rack/309,rack,rack
railroady/preston/20,preston,railroady
rails/rails/4388,rails,rails
rails/rails/4389,rails,rails
rails/rails/4390,rails,rails
rails/rails/4391,rails,rails
rails/rails/4392,rails,rails
rails/rails/4393,rails,rails
rails/rails/4394,rails,rails
rails_admin/sferik/920,sferik,rails_admin
rails_admin/sferik/921,sferik,rails_admin
rails_admin/sferik/922,sferik,rails_admin
rapport/Rapporter/18,Rapporter,rapport
rapport/Rapporter/22,Rapporter,rapport
rapport/Rapporter/23,Rapporter,rapport
raty/wbotelhos/30,wbotelhos,raty
razor-qt/Razor-qt/154,Razor-qt,razor-qt
razor-qt/Razor-qt/156,Razor-qt,razor-qt
razor-qt/Razor-qt/157,Razor-qt,razor-qt
rbenv-gemset/jamis/21,jamis,rbenv-gemset
rbenv-prompt/joefiorini/1,joefiorini,rbenv-prompt
rcov/relevance/88,relevance,rcov
rebar/spilgames/1,spilgames,rebar
recaptcha/ambethia/61,ambethia,recaptcha
reconnoiter/omniti-labs/44,omniti-labs,reconnoiter
reddit-is-fun/talklittle/230,talklittle,reddit-is-fun
reddit/reddit/310,reddit,reddit
reddit/reddit/311,reddit,reddit
redis-namespace/defunkt/33,defunkt,redis-namespace
redis-namespace/defunkt/34,defunkt,redis-namespace
redis-namespace/resque/33,resque,redis-namespace
redis-namespace/resque/34,resque,redis-namespace
redmine_github_hook/koppen/17,koppen,redmine_github_hook
refheap/Raynes/38,Raynes,refheap
refheap/Raynes/39,Raynes,refheap
refheap/Raynes/40,Raynes,refheap
refinerycms-calendar/refinery/12,refinery,refinerycms-calendar
refinerycms/refinery/1208,refinery,refinerycms
repo-metrics/puppetlabs/1,puppetlabs,repo-metrics
request/mikeal/149,mikeal,request
request/request/149,request,request
requests/kennethreitz/344,kennethreitz,requests
restfulie.net/mauricioaniche/6,mauricioaniche,restfulie.net
rets/estately/5,estately,rets
reveal/zurb/41,zurb,reveal
revolution/modxcms/263,modxcms,revolution
revolution/modxcms/6608,modxcms,revolution
revolution/modxcms/6609,modxcms,revolution
revolution/modxcms/6610,modxcms,revolution
revolution/modxcms/6611,modxcms,revolution
revolution/modxcms/6612,modxcms,revolution
revolution/modxcms/6613,modxcms,revolution
revolution/modxcms/6614,modxcms,revolution
revolution/modxcms/6616,modxcms,revolution
revolution/modxcms/6617,modxcms,revolution
rfk/buckket/40,buckket,rfk
rhythmbox-tray-icon/palfrey/1,palfrey,rhythmbox-tray-icon
rhythmbox-tray-icon/palfrey/2,palfrey,rhythmbox-tray-icon
riak/basho/112,basho,riak
riak_cs/basho/54,basho,riak_cs
riak_cs/basho/55,basho,riak_cs
richfaces-sandbox/richfaces/1,richfaces,richfaces-sandbox
risu/hammackj/48,hammackj,risu
rocco/rtomayko/75,rtomayko,rocco
rocco/rtomayko/76,rtomayko,rocco
roots/retlehs/215,retlehs,roots
roundhouse/chucknorris/44,chucknorris,roundhouse
roundhouse/chucknorris/45,chucknorris,roundhouse
roy/pufuwozu/93,pufuwozu,roy
rspec-core/rspec/550,rspec,rspec-core
rspec-dev/rspec/26,rspec,rspec-dev
rspec-expectations/rspec/105,rspec,rspec-expectations
rspec-expectations/rspec/106,rspec,rspec-expectations
rspec-rails/rspec/478,rspec,rspec-rails
rspec-rails/rspec/479,rspec,rspec-rails
rspec-spies/technicalpickles/6,technicalpickles,rspec-spies
rstat.us/hotsh/441,hotsh,rstat.us
rstat.us/hotsh/442,hotsh,rstat.us
rubinius/rubinius/1501,rubinius,rubinius
rubinius/rubinius/1502,rubinius,rubinius
rubinius/rubinius/1503,rubinius,rubinius
ruby-build/rbenv/118,rbenv,ruby-build
ruby-style-guide/bbatsov/67,bbatsov,ruby-style-guide
ruby/ruby/79,ruby,ruby
ruby_speech/benlangfeld/7,benlangfeld,ruby_speech
rubycas-client/rubycas/31,rubycas,rubycas-client
rubycas-server/rubycas/76,rubycas,rubycas-server
rubycas-server/rubycas/77,rubycas,rubycas-server
rubyspec/rubyspec/108,rubyspec,rubyspec
rust/mozilla/1471,mozilla,rust
rust/mozilla/1472,mozilla,rust
rust/mozilla/1473,mozilla,rust
rust/mozilla/1476,mozilla,rust
rust/mozilla/1477,mozilla,rust
rust/mozilla/1478,mozilla,rust
rust/mozilla/1479,mozilla,rust
rvm/rvm/691,rvm,rvm
rvm/rvm/692,rvm,rvm
rvm/rvm/693,rvm,rvm
sag/sbisbee/42,sbisbee,sag
sagecell/sagemath/220,sagemath,sagecell
sagecell/sagemath/221,sagemath,sagecell
sagecell/sagemath/222,sagemath,sagecell
sagecell/sagemath/223,sagemath,sagecell
sagenb/sagemath/15,sagemath,sagenb
saiku-adhoc/Mgiepz/38,Mgiepz,saiku-adhoc
saiku-adhoc/Mgiepz/39,Mgiepz,saiku-adhoc
saiku-adhoc/Mgiepz/40,Mgiepz,saiku-adhoc
saiku-adhoc/Mgiepz/42,Mgiepz,saiku-adhoc
saiku/OSBI/112,OSBI,saiku
sailfish/sailfish-team/5,sailfish-team,sailfish
salt/saltstack/474,saltstack,salt
salt/saltstack/475,saltstack,salt
salt/saltstack/476,saltstack,salt
samba4/ekohl/9,ekohl,samba4
sammy/quirkey/122,quirkey,sammy
sass-rails/rails/87,rails,sass-rails
sauce_ruby/saucelabs/22,saucelabs,sauce_ruby
scala/scala/88,scala,scala
scalatra-book/scalatra/18,scalatra,scalatra-book
scalatra-book/scalatra/19,scalatra,scalatra-book
scalatra-website/scalatra/3,scalatra,scalatra-website
scikit-image/scikit-image/109,scikit-image,scikit-image
scikit-learn/scikit-learn/545,scikit-learn,scikit-learn
scikit-learn/scikit-learn/546,scikit-learn,scikit-learn
scoobi/NICTA/33,NICTA,scoobi
scoobi/NICTA/34,NICTA,scoobi
scout-plugins/scoutapp/44,scoutapp,scout-plugins
scrapy/scrapy/78,scrapy,scrapy
scribejava/scribejava/212,scribejava,scribejava
scriptler-plugin/jenkinsci/2,jenkinsci,scriptler-plugin
scripts/ex-nerd/1,ex-nerd,scripts
scriptsharp/nikhilk/138,nikhilk,scriptsharp
scriptsharp/nikhilk/139,nikhilk,scriptsharp
scummvm/scummvm/167,scummvm,scummvm
sdk-ios/playhaven/10,playhaven,sdk-ios
sdk-ios/playhaven/9,playhaven,sdk-ios
semantic-versioning/jeluard/1,jeluard,semantic-versioning
sentry/getsentry/294,getsentry,sentry
sequel/jeremyevans/416,jeremyevans,sequel
sequencescape/sanger/381,sanger,sequencescape
service-monitor/mbleichner/17,mbleichner,service-monitor
servo/Netflix/9,Netflix,servo
sfPluploadPlugin/JoshuaEstes/5,JoshuaEstes,sfPluploadPlugin
sharedearth-net/sharedearth-net/52,sharedearth-net,sharedearth-net
shimmie2/shish/72,shish,shimmie2
shimmie2/shish/73,shish,shimmie2
shimmie2/shish/74,shish,shimmie2
shimmie2/shish/75,shish,shimmie2
shinydemos/operasoftware/1,operasoftware,shinydemos
short/edwardhotchkiss/11,edwardhotchkiss,short
should.js/tj/34,tj,should.js
should.js/tj/35,tj,should.js
showslow/sergeychernyshev/65,sergeychernyshev,showslow
silverstripe-cms/silverstripe/48,silverstripe,silverstripe-cms
silverstripe-framework/silverstripe/154,silverstripe,silverstripe-framework
silverstripe-framework/silverstripe/155,silverstripe,silverstripe-framework
silverstripe-framework/silverstripe/156,silverstripe,silverstripe-framework
silverstripe-framework/silverstripe/157,silverstripe,silverstripe-framework
silverstripe-framework/silverstripe/158,silverstripe,silverstripe-framework
simple_form/plataformatec/404,plataformatec,simple_form
simplejpa/appoxy/18,appoxy,simplejpa
simplejpa/appoxy/19,appoxy,simplejpa
simplejpa/appoxy/20,appoxy,simplejpa
simplepie/simplepie/168,simplepie,simplepie
sinatra/sinatra/449,sinatra,sinatra
sinatra/sinatra/450,sinatra,sinatra
skare/sot/2,sot,skare
skyphp/SkyPHP/17,SkyPHP,skyphp
sliComments/jonnsl/3,jonnsl,sliComments
sliComments/jonnsl/5,jonnsl,sliComments
small/mathiasbynens/10,mathiasbynens,small
smartcd/cxreg/3,cxreg,smartcd
smartos-live/joyent/35,joyent,smartos-live
smmap/Byron/4,Byron,smmap
snipmate-snippets/honza/66,honza,snipmate-snippets
snorby/Snorby/176,Snorby,snorby
social/seam/15,seam,social
social_stream/ging/189,ging,social_stream
socket.io-client/LearnBoost/366,LearnBoost,socket.io-client
socket.io-client/socketio/366,socketio,socket.io-client
socket.io-erlang/yrashk/69,yrashk,socket.io-erlang
socket.io/LearnBoost/713,LearnBoost,socket.io
solarium/basdenooijer/55,basdenooijer,solarium
solarium/basdenooijer/56,basdenooijer,solarium
solarized/brianmichel/1,brianmichel,solarized
solo6x10/bluecherrydvr/32,bluecherrydvr,solo6x10
spectacle/eczarny/38,eczarny,spectacle
spectrum/bgrins/7,bgrins,spectrum
spin.js/fgnass/53,fgnass,spin.js
spin.js/fgnass/54,fgnass,spin.js
spotify-guess-the-intro/chielkunkels/2,chielkunkels,spotify-guess-the-intro
spr-issue-migration-test/rstoyanchev/8909,rstoyanchev,spr-issue-migration-test
spr-issue-migration-test/rstoyanchev/8911,rstoyanchev,spr-issue-migration-test
spr-issue-migration-test/rstoyanchev/8912,rstoyanchev,spr-issue-migration-test
spr-issue-migration-test/rstoyanchev/8913,rstoyanchev,spr-issue-migration-test
spree-guides/spree/19,spree,spree-guides
spree/spree/955,spree,spree
spree/spree/956,spree,spree
spree/spree/957,spree,spree
spree_active_shipping/spree-contrib/14,spree-contrib,spree_active_shipping
spree_active_shipping/spree-contrib/15,spree-contrib,spree_active_shipping
spree_flexi_variants/jsqu99/20,jsqu99,spree_flexi_variants
spreedly-gem/spreedly/5,spreedly,spreedly-gem
spring-integration-samples/SpringSource/30,SpringSource,spring-integration-samples
spring-test-mvc/SpringSource/20,SpringSource,spring-test-mvc
statsd/etsy/52,etsy,statsd
stirling/valotrading/3,valotrading,stirling
storm/nathanmarz/94,nathanmarz,storm
storm/nathanmarz/95,nathanmarz,storm
stylus/LearnBoost/505,LearnBoost,stylus
subway/thedjpetersen/16,thedjpetersen,subway
sugarcrm_dev/sugarcrm/71,sugarcrm,sugarcrm_dev
sunspot/sunspot/160,sunspot,sunspot
supervisor/Supervisor/80,Supervisor,supervisor
supply_drop/pitluga/20,pitluga,supply_drop
swarm/AstroGPU/1,AstroGPU,swarm
symfony-docs/symfony/981,symfony,symfony-docs
symfony-docs/symfony/982,symfony,symfony-docs
symfony-docs/symfony/983,symfony,symfony-docs
symfony-docs/symfony/984,symfony,symfony-docs
symfony-docs/symfony/985,symfony,symfony-docs
symfony-standard/symfony/255,symfony,symfony-standard
symfony/symfony/3063,symfony,symfony
symfony/symfony/3064,symfony,symfony
symfony/symfony/3066,symfony,symfony
symfony/symfony/3067,symfony,symfony
symfony/symfony/3069,symfony,symfony
symfony/symfony/3070,symfony,symfony
symfony/symfony/3071,symfony,symfony
symfony/symfony/3072,symfony,symfony
symfony/symfony/3073,symfony,symfony
symfony/symfony/3074,symfony,symfony
symfony/symfony/3075,symfony,symfony
sympy-bot/sympy/87,sympy,sympy-bot
sympy-live/sympy/48,sympy,sympy-live
sympy.github.com/sympy/41,sympy,sympy.github.com
sympy/sympy/945,sympy,sympy
sympy/sympy/946,sympy,sympy
sympy/sympy/947,sympy,sympy
syslog-shipper/jordansissel/7,jordansissel,syslog-shipper
tabulous/techiferous/7,techiferous,tabulous
tandem/12spokes/6,12spokes,tandem
tango/notahat/6,notahat,tango
tapestry-wro4j/lltyk/3,lltyk,tapestry-wro4j
taxtastic/fhcrc/54,fhcrc,taxtastic
teeworlds/DDRace/140,DDRace,teeworlds
teeworlds/teeworlds/916,teeworlds,teeworlds
terramap/saltire/2,saltire,terramap
test2/tmw-issue-import/418,tmw-issue-import,test2
test_nvdaTracImport/nvaccess/2138,nvaccess,test_nvdaTracImport
test_nvdaTracImport/nvaccess/2139,nvaccess,test_nvdaTracImport
testproject10/pjsip/1442,pjsip,testproject10
testproject3/pjsip/1443,pjsip,testproject3
thinking-sphinx/pat/324,pat,thinking-sphinx
threading2/rfk/1,rfk,threading2
three.js/mrdoob/1052,mrdoob,three.js
three.js/mrdoob/1053,mrdoob,three.js
three.js/mrdoob/1054,mrdoob,three.js
three.js/mrdoob/1055,mrdoob,three.js
threepenny-gui/HeinrichApfelmus/2,HeinrichApfelmus,threepenny-gui
thunderbird-conversations/protz/540,protz,thunderbird-conversations
thunderbird-conversations/protz/541,protz,thunderbird-conversations
tiddlyspace/TiddlySpace/866,TiddlySpace,tiddlyspace
tiddlyspace/TiddlySpace/867,TiddlySpace,tiddlyspace
tilemill/mapbox/1100,mapbox,tilemill
titanium_mobile/appcelerator/1142,appcelerator,titanium_mobile
titanium_mobile/appcelerator/1143,appcelerator,titanium_mobile
titanium_mobile/appcelerator/1144,appcelerator,titanium_mobile
titanium_modules/appcelerator/16,appcelerator,titanium_modules
todo.txt-cli/ginatrapani/68,ginatrapani,todo.txt-cli
todoapp/hbt/3,hbt,todoapp
todoapp/hbt/5,hbt,todoapp
tomorrow-theme/chriskempson/63,chriskempson,tomorrow-theme
tonic/peej/65,peej,tonic
tornado/facebook/432,facebook,tornado
tourml/IMAmuseum/4,IMAmuseum,tourml
townsquare/freegeekchicago/100,freegeekchicago,townsquare
travis-ci/travis-ci/382,travis-ci,travis-ci
travis-crowd/travis-ci/33,travis-ci,travis-crowd
tree/garden/39,garden,tree
trelby/oskusalerma/102,oskusalerma,trelby
trevni/cutting/1,cutting,trevni
tryocaml/OCamlPro/45,OCamlPro,tryocaml
tryocaml/OCamlPro/46,OCamlPro,tryocaml
tsdbexplorer/poggs/12,poggs,tsdbexplorer
tslime.vim/kikijump/6,kikijump,tslime.vim
tumblr-shortcuts/andrusha/5,andrusha,tumblr-shortcuts
turboolaf/leonhandreke/2,leonhandreke,turboolaf
tvnamer/dbr/41,dbr,tvnamer
twitterlib/remy/2,remy,twitterlib
twke/josephruscio/12,josephruscio,twke
txZMQ/smira/10,smira,txZMQ
txZMQ/smira/11,smira,txZMQ
txZMQ/smira/12,smira,txZMQ
txZMQ/smira/6,smira,txZMQ
txZMQ/smira/8,smira,txZMQ
txZMQ/smira/9,smira,txZMQ
txtmark/rjeschke/5,rjeschke,txtmark
udisks-glue/fernandotcl/4,fernandotcl,udisks-glue
ues/lsuits/11,lsuits,ues
ues/lsuits/12,lsuits,ues
ui/ninja/45,ninja,ui
ui/ninja/46,ninja,ui
unify/unify/64,unify,unify
unite-outline/h1mesuke/29,h1mesuke,unite-outline
unite.vim/Shougo/92,Shougo,unite.vim
unite.vim/Shougo/93,Shougo,unite.vim
unite.vim/Shougo/94,Shougo,unite.vim
unknown-horizons/unknown-horizons/1368,unknown-horizons,unknown-horizons
unoconv/dagwieers/20,dagwieers,unoconv
uservoice-iphone-sdk/uservoice/22,uservoice,uservoice-iphone-sdk
vagrant/mitchellh/630,mitchellh,vagrant
vagrant/mitchellh/631,mitchellh,vagrant
vcr/vcr/123,vcr,vcr
vcs/codeinn/101,codeinn,vcs
veewee/jedi4ever/204,jedi4ever,veewee
velruse/bbangert/42,bbangert,velruse
vendorer/grosser/5,grosser,vendorer
vesta/serghey-rodin/26,serghey-rodin,vesta
view-janiculum/romaframework/9,romaframework,view-janiculum
vim-buffergator/jeetsukumaran/9,jeetsukumaran,vim-buffergator
vim-powerline/Lokaltog/12,Lokaltog,vim-powerline
vim-snipmate/garbas/78,garbas,vim-snipmate
vimgolf/timvisher/7,timvisher,vimgolf
vimgolf/timvisher/9,timvisher,vimgolf
virgo/racker/7,racker,virgo
vitunes/ryanflannery/21,ryanflannery,vitunes
vumi/praekelt/111,praekelt,vumi
vumi/praekelt/112,praekelt,vumi
vumi/praekelt/113,praekelt,vumi
vumi/praekelt/114,praekelt,vumi
warp/brendonh/17,brendonh,warp
wdntemplates/unl/163,unl,wdntemplates
webbit/aslakhellesoy/4,aslakhellesoy,webbit
webreduce/syntropy/2,syntropy,webreduce
website/theCrag/449,theCrag,website
webstore/lightspeedretail/188,lightspeedretail,webstore
whatdotheyknow-theme/mysociety/19,mysociety,whatdotheyknow-theme
wildfly/wildfly/1041,wildfly,wildfly
wildfly/wildfly/1042,wildfly,wildfly
wildfly/wildfly/1043,wildfly,wildfly
wildfly/wildfly/1044,wildfly,wildfly
wildfly/wildfly/1045,wildfly,wildfly
wildfly/wildfly/1046,wildfly,wildfly
wildfly/wildfly/1047,wildfly,wildfly
wildfly/wildfly/1048,wildfly,wildfly
wildfly/wildfly/1049,wildfly,wildfly
wildfly/wildfly/1050,wildfly,wildfly
will_paginate/mislav/218,mislav,will_paginate
will_paginate/mislav/219,mislav,will_paginate
winampremote/patrickmmartin/60,patrickmmartin,winampremote
winampremote/patrickmmartin/61,patrickmmartin,winampremote
wings/dgud/23,dgud,wings
wkhtmltopdf/antialize/9,antialize,wkhtmltopdf
wmiirc/sunaku/36,sunaku,wmiirc
wok/mythmon/54,mythmon,wok
wolips/wolips/62,wolips,wolips
wolips/wolips/63,wolips,wolips
wolips/wolips/64,wolips,wolips
wolips/wolips/65,wolips,wolips
wolips/wolips/66,wolips,wolips
wolips/wolips/67,wolips,wolips
wolips/wolips/68,wolips,wolips
wolips/wolips/69,wolips,wolips
wolips/wolips/70,wolips,wolips
wolips/wolips/71,wolips,wolips
wolips/wolips/72,wolips,wolips
wolips/wolips/73,wolips,wolips
wolips/wolips/74,wolips,wolips
wolips/wolips/75,wolips,wolips
wolips/wolips/77,wolips,wolips
wolips/wolips/78,wolips,wolips
woocommerce/woocommerce/475,woocommerce,woocommerce
woocommerce/woocommerce/476,woocommerce,woocommerce
wordless/welaika/41,welaika,wordless
wp-posts-to-posts/scribu/94,scribu,wp-posts-to-posts
wp-social/crowdfavorite/36,crowdfavorite,wp-social
wp-social/crowdfavorite/37,crowdfavorite,wp-social
wp-social/crowdfavorite/38,crowdfavorite,wp-social
wpalchemy/farinspace/38,farinspace,wpalchemy
wraith/wraith/9,wraith,wraith
wysihtml5/xing/13,xing,wysihtml5
xbmc/opdenkamp/402,opdenkamp,xbmc
xbmc/xbmc/617,xbmc,xbmc
xcode-plugin/jenkinsci/4,jenkinsci,xcode-plugin
xen-api/xapi-project/438,xapi-project,xen-api
xen-api/xapi-project/439,xapi-project,xen-api
xen-api/xen-org/438,xen-org,xen-api
xen-api/xen-org/439,xen-org,xen-api
xp-contrib/xp-framework/6,xp-framework,xp-contrib
xpath/jnicklas/36,jnicklas,xpath
xsbt-web-plugin/earldouglas/67,earldouglas,xsbt-web-plugin
yajl/lloyd/68,lloyd,yajl
yaws/klacke/79,klacke,yaws
yaws/klacke/80,klacke,yaws
yesod/yesodweb/210,yesodweb,yesod
youtube-dl/rg3/269,rg3,youtube-dl
yuitest/gilamonster/1,gilamonster,yuitest
zendframework/zendframework/713,zendframework,zendframework
zendframework/zendframework/714,zendframework,zendframework
zepto/madrobby/368,madrobby,zepto
zeroclickinfo-goodies/duckduckgo/39,duckduckgo,zeroclickinfo-goodies
zeroclickinfo-spice/duckduckgo/10,duckduckgo,zeroclickinfo-spice
zfs/zfsonlinux/524,zfsonlinux,zfs
zfs/zfsonlinux/525,zfsonlinux,zfs
zotero/zotero/23,zotero,zotero
zotero/zotero/25,zotero,zotero
zotero/zotero/26,zotero,zotero
zotonic/zotonic/280,zotonic,zotonic
zte-turies-35/burstlam/2,burstlam,zte-turies-35
